"j","k","method","ISE_MC"
1,7,"GM",0.000509485567877371
1,7,"LL",4.06785455151751e-05
1,7,"NW",0.000251084560665328
1,10,"GM",0.000383507347061497
1,10,"LL",3.16692415405837e-05
1,10,"NW",0.0001802230034113
1,14,"GM",0.000342858750133442
1,14,"LL",2.2965570676693e-05
1,14,"NW",0.000120942536466476
2,7,"GM",0.00128723319168714
2,7,"LL",0.00022429798411196
2,7,"NW",0.000727856705552141
2,10,"GM",0.00142121625113088
2,10,"LL",0.00014450113887298
2,10,"NW",0.000542221302385214
2,14,"GM",0.00111036333926436
2,14,"LL",9.21057628073269e-05
2,14,"NW",0.000338319617965381
3,7,"GM",0.00250645494111882
3,7,"LL",0.00058576711189044
3,7,"NW",0.00127841885811092
3,10,"GM",0.00165837774578982
3,10,"LL",0.000363957097258278
3,10,"NW",0.000860357010754786
3,14,"GM",0.00224620485075019
3,14,"LL",0.000267516552073336
3,14,"NW",0.000498771862665672
1,7,"GM",0.000487389108047218
1,7,"LL",4.05916778319736e-05
1,7,"NW",0.000219858856387413
1,10,"GM",0.000398528712550038
1,10,"LL",3.24755962359897e-05
1,10,"NW",0.000168968146944062
1,14,"GM",0.000350098007938907
1,14,"LL",2.47336028275237e-05
1,14,"NW",0.000121677606441168
2,7,"GM",0.00130047358846924
2,7,"LL",0.000214443700600488
2,7,"NW",0.000760948926365195
2,10,"GM",0.00121525756416427
2,10,"LL",0.000138275186549534
2,10,"NW",0.000536582839998441
2,14,"GM",0.00120697638486047
2,14,"LL",8.79939788294587e-05
2,14,"NW",0.000280555888651145
3,7,"GM",0.00251060850454251
3,7,"LL",0.000593770281039515
3,7,"NW",0.00143311070444465
3,10,"GM",0.00187802840290105
3,10,"LL",0.000332825724567976
3,10,"NW",0.000790226952333899
3,14,"GM",0.00156628143067167
3,14,"LL",0.000251351602686046
3,14,"NW",0.000508806136887927
1,7,"GM",0.000483019896975174
1,7,"LL",4.03371363966775e-05
1,7,"NW",0.000220825787458046
1,10,"GM",0.000413801889890576
1,10,"LL",3.71134203315865e-05
1,10,"NW",0.000183031516569391
1,14,"GM",0.000480525337700757
1,14,"LL",2.28098151064012e-05
1,14,"NW",0.000120003502140231
2,7,"GM",0.00130091073974452
2,7,"LL",0.000205218015055994
2,7,"NW",0.000731435065133719
2,10,"GM",0.00120849047895015
2,10,"LL",0.0001422701791889
2,10,"NW",0.000520243827840574
2,14,"GM",0.000946066597622406
2,14,"LL",8.7288044338116e-05
2,14,"NW",0.000343500353667587
3,7,"GM",0.00253866457575081
3,7,"LL",0.000510566991574664
3,7,"NW",0.00158816093031164
3,10,"GM",0.00154925107444298
3,10,"LL",0.000398552316682853
3,10,"NW",0.000891399403702145
3,14,"GM",0.00226396395878919
3,14,"LL",0.000265298640379943
3,14,"NW",0.000488332509745111
1,7,"GM",0.000478460680402693
1,7,"LL",3.7789604849933e-05
1,7,"NW",0.000224083724414634
1,10,"GM",0.000396674681637415
1,10,"LL",3.47903293431266e-05
1,10,"NW",0.000173407910499583
1,14,"GM",0.000299690182640734
1,14,"LL",2.41616136231456e-05
1,14,"NW",0.000124882335148309
2,7,"GM",0.00133791350927637
2,7,"LL",0.000208333715237694
2,7,"NW",0.000760019633369068
2,10,"GM",0.0011454869636487
2,10,"LL",0.000130831807890594
2,10,"NW",0.000522936504897244
2,14,"GM",0.000985025659171278
2,14,"LL",8.91151971821256e-05
2,14,"NW",0.000302388452681798
3,7,"GM",0.00236761098216455
3,7,"LL",0.00052643531159102
3,7,"NW",0.00152039006540876
3,10,"GM",0.00240585865589757
3,10,"LL",0.000308073085561383
3,10,"NW",0.00103555246912079
3,14,"GM",0.00186209157729311
3,14,"LL",0.000222439361125295
3,14,"NW",0.000632043991128506
1,7,"GM",0.000547092668833894
1,7,"LL",4.24828734501865e-05
1,7,"NW",0.000249144415028936
1,10,"GM",0.000376533423050171
1,10,"LL",3.26673984957046e-05
1,10,"NW",0.000192960894954765
1,14,"GM",0.000413232939013427
1,14,"LL",2.55727810794227e-05
1,14,"NW",0.000135230499065819
2,7,"GM",0.00137152701562595
2,7,"LL",0.000211719873118806
2,7,"NW",0.000736850437572883
2,10,"GM",0.00104150976443528
2,10,"LL",0.000135315013931864
2,10,"NW",0.00051613713546487
2,14,"GM",0.00119304421777107
2,14,"LL",8.80844869636457e-05
2,14,"NW",0.000338903492010154
3,7,"GM",0.00235514346000051
3,7,"LL",0.000625809444455606
3,7,"NW",0.00132323399709411
3,10,"GM",0.00171532723994503
3,10,"LL",0.000390369929680929
3,10,"NW",0.000801287713810815
3,14,"GM",0.0016524743978887
3,14,"LL",0.00022014467247534
3,14,"NW",0.000417358041929533
1,7,"GM",0.00051371966707111
1,7,"LL",3.92412744153093e-05
1,7,"NW",0.00024681156122455
1,10,"GM",0.000471871427501846
1,10,"LL",3.51994115634496e-05
1,10,"NW",0.000189764311425091
1,14,"GM",0.000308828875139553
1,14,"LL",2.32690925028012e-05
1,14,"NW",0.000135662360752557
2,7,"GM",0.00141858787822496
2,7,"LL",0.000227655259321456
2,7,"NW",0.000668541435848199
2,10,"GM",0.00102308410815967
2,10,"LL",0.000129781965221498
2,10,"NW",0.000522337946033161
2,14,"GM",0.00162868110630715
2,14,"LL",9.08965443797876e-05
2,14,"NW",0.000345358661133452
3,7,"GM",0.00267528192462828
3,7,"LL",0.000631092204609317
3,7,"NW",0.0013184150008734
3,10,"GM",0.00226682871045903
3,10,"LL",0.000357621011032651
3,10,"NW",0.000819142242547895
3,14,"GM",0.0012690653300678
3,14,"LL",0.000207701671080767
3,14,"NW",0.000523959564324345
1,7,"GM",0.000521371520612987
1,7,"LL",4.0449537380142e-05
1,7,"NW",0.000245603975421194
1,10,"GM",0.000412643221937135
1,10,"LL",3.42682955640936e-05
1,10,"NW",0.000170671032525924
1,14,"GM",0.000298205917586705
1,14,"LL",2.37380083205884e-05
1,14,"NW",0.000118931097763869
2,7,"GM",0.00123944319181807
2,7,"LL",0.000226285405123255
2,7,"NW",0.000684001237992806
2,10,"GM",0.00113888499967514
2,10,"LL",0.000136466309579047
2,10,"NW",0.000544192821351
2,14,"GM",0.00103147894114863
2,14,"LL",8.95866573281744e-05
2,14,"NW",0.00032685309674096
3,7,"GM",0.00251074808385104
3,7,"LL",0.000664949042411508
3,7,"NW",0.00137663036911911
3,10,"GM",0.00181225571822236
3,10,"LL",0.000334675070068095
3,10,"NW",0.000856988576480981
3,14,"GM",0.00184967637848196
3,14,"LL",0.000209060533873343
3,14,"NW",0.000514870816249977
1,7,"GM",0.000506691328043212
1,7,"LL",3.90829704961161e-05
1,7,"NW",0.000239414339535207
1,10,"GM",0.000405983671642239
1,10,"LL",3.339385383262e-05
1,10,"NW",0.000178905610468372
1,14,"GM",0.000365204635664366
1,14,"LL",2.24201208069864e-05
1,14,"NW",0.000119943320583155
2,7,"GM",0.0012990818739591
2,7,"LL",0.000224236247113707
2,7,"NW",0.000743994038356759
2,10,"GM",0.00131317416690012
2,10,"LL",0.000138857516673258
2,10,"NW",0.00048557061240511
2,14,"GM",0.000984019225629557
2,14,"LL",8.38397010545517e-05
2,14,"NW",0.000274585790744617
3,7,"GM",0.00259649165711533
3,7,"LL",0.000621726719566675
3,7,"NW",0.00161401400369045
3,10,"GM",0.00186137713254226
3,10,"LL",0.000369591667451056
3,10,"NW",0.000807311267102582
3,14,"GM",0.00174788654021935
3,14,"LL",0.000262037597986091
3,14,"NW",0.000546409278474975
1,7,"GM",0.00049514794066285
1,7,"LL",4.133983340611e-05
1,7,"NW",0.000216472940425795
1,10,"GM",0.000395036562211026
1,10,"LL",3.30245412696159e-05
1,10,"NW",0.000179953564923161
1,14,"GM",0.000361886359306765
1,14,"LL",2.50030492328766e-05
1,14,"NW",0.000112895709223174
2,7,"GM",0.00125109270976718
2,7,"LL",0.000205251685484271
2,7,"NW",0.000713483467402853
2,10,"GM",0.00109498203820199
2,10,"LL",0.000128408846351374
2,10,"NW",0.000499818312793689
2,14,"GM",0.00109112322697634
2,14,"LL",9.20268696747946e-05
2,14,"NW",0.000302328728877255
3,7,"GM",0.00263936999874413
3,7,"LL",0.00053710020404496
3,7,"NW",0.00163891783002797
3,10,"GM",0.00210294268885361
3,10,"LL",0.000359796720699155
3,10,"NW",0.000857170757552525
3,14,"GM",0.00168036267051847
3,14,"LL",0.000243604173229203
3,14,"NW",0.000487766608339262
1,7,"GM",0.000595935056457937
1,7,"LL",3.87066424770839e-05
1,7,"NW",0.000229109796912847
1,10,"GM",0.000484987751270454
1,10,"LL",3.68359039280624e-05
1,10,"NW",0.000184322616051124
1,14,"GM",0.000387466682759352
1,14,"LL",2.19191671454708e-05
1,14,"NW",0.000124469403426437
2,7,"GM",0.00126107248596135
2,7,"LL",0.000186000167776461
2,7,"NW",0.000717881605887097
2,10,"GM",0.00186899715901938
2,10,"LL",0.000135396817864188
2,10,"NW",0.000505770197020615
2,14,"GM",0.00103021528943383
2,14,"LL",9.07480180717113e-05
2,14,"NW",0.000326901447332064
3,7,"GM",0.00284763144926589
3,7,"LL",0.000488275565482752
3,7,"NW",0.00162549743813456
3,10,"GM",0.00182656672890468
3,10,"LL",0.000331810170207893
3,10,"NW",0.000949234495580363
3,14,"GM",0.00167599432091337
3,14,"LL",0.000236321932142305
3,14,"NW",0.000421118046088433
1,7,"GM",0.00054686884661447
1,7,"LL",4.3194720928963e-05
1,7,"NW",0.000240504347109196
1,10,"GM",0.000387849171984125
1,10,"LL",3.43106688297087e-05
1,10,"NW",0.00018982123851603
1,14,"GM",0.00039665779377952
1,14,"LL",2.40764293504142e-05
1,14,"NW",0.000129872526092517
2,7,"GM",0.0014318477951042
2,7,"LL",0.000209150524699618
2,7,"NW",0.000775305821233642
2,10,"GM",0.00111923552683805
2,10,"LL",0.000130069903145561
2,10,"NW",0.000518048044509718
2,14,"GM",0.001114666292192
2,14,"LL",9.64599104614635e-05
2,14,"NW",0.000316764478449876
3,7,"GM",0.00263266009314175
3,7,"LL",0.00060524186915171
3,7,"NW",0.00156991324118252
3,10,"GM",0.00172277338914815
3,10,"LL",0.000326867023662936
3,10,"NW",0.000836138484801328
3,14,"GM",0.00140342846759818
3,14,"LL",0.000245503929494045
3,14,"NW",0.000500992882702327
1,7,"GM",0.000439951174006461
1,7,"LL",4.05960429125225e-05
1,7,"NW",0.000233911864249852
1,10,"GM",0.00042754610495457
1,10,"LL",3.40663601043217e-05
1,10,"NW",0.000194999361972147
1,14,"GM",0.000363806300139374
1,14,"LL",2.53089032650526e-05
1,14,"NW",0.000124946614003437
2,7,"GM",0.0013525063486512
2,7,"LL",0.00021010292959704
2,7,"NW",0.000688830478375523
2,10,"GM",0.00182245022252403
2,10,"LL",0.000130472425687469
2,10,"NW",0.000553585590525978
2,14,"GM",0.00142339760220756
2,14,"LL",9.35400682198945e-05
2,14,"NW",0.000318960949144242
3,7,"GM",0.00238626768913693
3,7,"LL",0.000568198741698858
3,7,"NW",0.0016403170770377
3,10,"GM",0.00194575587506983
3,10,"LL",0.00035600928832127
3,10,"NW",0.000965460428201487
3,14,"GM",0.00137933186212389
3,14,"LL",0.000231814283611391
3,14,"NW",0.000570148188702742
1,7,"GM",0.000482968077966055
1,7,"LL",4.07697009005314e-05
1,7,"NW",0.000237412069240439
1,10,"GM",0.000396886825195589
1,10,"LL",3.76169744593798e-05
1,10,"NW",0.000180033051244359
1,14,"GM",0.000262714462393658
1,14,"LL",2.28639568919145e-05
1,14,"NW",0.000124194961090109
2,7,"GM",0.00179274252124973
2,7,"LL",0.000201632114692772
2,7,"NW",0.000728119390970513
2,10,"GM",0.00145275386742748
2,10,"LL",0.000133610590733567
2,10,"NW",0.000495007249704038
2,14,"GM",0.00103453427986139
2,14,"LL",8.32473871357622e-05
2,14,"NW",0.000347283769867641
3,7,"GM",0.0025522984247961
3,7,"LL",0.000524263367983755
3,7,"NW",0.00162477964063878
3,10,"GM",0.00189439645885613
3,10,"LL",0.000425718839475182
3,10,"NW",0.000964697399225471
3,14,"GM",0.00158857723463574
3,14,"LL",0.000243835997821477
3,14,"NW",0.000552437558212559
1,7,"GM",0.000496786920379874
1,7,"LL",3.75226394869673e-05
1,7,"NW",0.000230387288796284
1,10,"GM",0.000480274729821312
1,10,"LL",3.47142290633285e-05
1,10,"NW",0.000167832282690371
1,14,"GM",0.000384444990706363
1,14,"LL",2.325870900408e-05
1,14,"NW",0.000123484122260025
2,7,"GM",0.00124340467099733
2,7,"LL",0.000213456870609431
2,7,"NW",0.000742694437635886
2,10,"GM",0.00109109292810156
2,10,"LL",0.000129507199099068
2,10,"NW",0.000470054532375074
2,14,"GM",0.00107708339811957
2,14,"LL",8.75054069720886e-05
2,14,"NW",0.000335002953442194
3,7,"GM",0.00257706406564128
3,7,"LL",0.000562040251712779
3,7,"NW",0.00147030729748776
3,10,"GM",0.00176329459015815
3,10,"LL",0.000362003161272158
3,10,"NW",0.000940553666890592
3,14,"GM",0.00175041993771139
3,14,"LL",0.000254567246249007
3,14,"NW",0.000507127017408407
1,7,"GM",0.000493330115933494
1,7,"LL",3.89552473624892e-05
1,7,"NW",0.000220732245962196
1,10,"GM",0.000401345346313987
1,10,"LL",3.24068508759237e-05
1,10,"NW",0.000180768833388419
1,14,"GM",0.000381155324430473
1,14,"LL",2.47493006583523e-05
1,14,"NW",0.000119219430931202
2,7,"GM",0.00143772400130324
2,7,"LL",0.000209199210641587
2,7,"NW",0.000750956556549182
2,10,"GM",0.00137842579956203
2,10,"LL",0.000123567383390355
2,10,"NW",0.000527100500818389
2,14,"GM",0.00150466725538606
2,14,"LL",8.57167930511283e-05
2,14,"NW",0.000322118488079584
3,7,"GM",0.0021567955784686
3,7,"LL",0.000660527784600631
3,7,"NW",0.00115099636596434
3,10,"GM",0.00173056937043632
3,10,"LL",0.000343645936152976
3,10,"NW",0.000833437597095926
3,14,"GM",0.00165316600944396
3,14,"LL",0.000221668026629035
3,14,"NW",0.000469772571716213
1,7,"GM",0.000463223203707056
1,7,"LL",3.85946087800871e-05
1,7,"NW",0.00023494051415272
1,10,"GM",0.000342943734449488
1,10,"LL",3.47051267978277e-05
1,10,"NW",0.000187653712033966
1,14,"GM",0.00036139118277005
1,14,"LL",2.30292739449579e-05
1,14,"NW",0.000125685690689604
2,7,"GM",0.00137897613786133
2,7,"LL",0.000228035579198674
2,7,"NW",0.000802272917649869
2,10,"GM",0.00111682972211652
2,10,"LL",0.000125658754660942
2,10,"NW",0.000513650001053069
2,14,"GM",0.000924537464705149
2,14,"LL",9.70644877715981e-05
2,14,"NW",0.000343265819545774
3,7,"GM",0.00229796189462294
3,7,"LL",0.000604558255281727
3,7,"NW",0.00153917633011567
3,10,"GM",0.00182183273397026
3,10,"LL",0.000295428212901064
3,10,"NW",0.000890243130768062
3,14,"GM",0.0017815600838409
3,14,"LL",0.000264448803225136
3,14,"NW",0.000430914590352528
1,7,"GM",0.000496646534111081
1,7,"LL",4.00180441205219e-05
1,7,"NW",0.000197561375085887
1,10,"GM",0.00038714994759874
1,10,"LL",3.37231098389901e-05
1,10,"NW",0.000174931770879962
1,14,"GM",0.000295050250204517
1,14,"LL",2.47862937683704e-05
1,14,"NW",0.000131566901461639
2,7,"GM",0.00150087692976589
2,7,"LL",0.000206432653938152
2,7,"NW",0.000729494201814119
2,10,"GM",0.00115761106876787
2,10,"LL",0.000126194622516506
2,10,"NW",0.000534575440853774
2,14,"GM",0.000952412981497458
2,14,"LL",9.47559912326071e-05
2,14,"NW",0.000300463480320352
3,7,"GM",0.00221936707107799
3,7,"LL",0.000572253357222103
3,7,"NW",0.00149930885059699
3,10,"GM",0.00195533268763126
3,10,"LL",0.000385449045633342
3,10,"NW",0.000965572925373367
3,14,"GM",0.0014235127062688
3,14,"LL",0.000219121896429639
3,14,"NW",0.000613649645148329
1,7,"GM",0.000498978031322662
1,7,"LL",3.70764283281584e-05
1,7,"NW",0.000254540279609982
1,10,"GM",0.000427600510054441
1,10,"LL",3.47434745368741e-05
1,10,"NW",0.000171342479099364
1,14,"GM",0.000364140334048636
1,14,"LL",2.45061514076413e-05
1,14,"NW",0.000121687800239585
2,7,"GM",0.00129837006588141
2,7,"LL",0.000215869792737534
2,7,"NW",0.000760987478426866
2,10,"GM",0.00118063796059514
2,10,"LL",0.000129075833397085
2,10,"NW",0.000560445823800862
2,14,"GM",0.00103353306449623
2,14,"LL",9.34380302371738e-05
2,14,"NW",0.000310558847272808
3,7,"GM",0.00256836174668979
3,7,"LL",0.000569930557907006
3,7,"NW",0.00143226097904097
3,10,"GM",0.00172937295212274
3,10,"LL",0.00035908803091739
3,10,"NW",0.000763775315706387
3,14,"GM",0.00153603989580202
3,14,"LL",0.00026491448731634
3,14,"NW",0.000498231494254452
1,7,"GM",0.000672751833608721
1,7,"LL",4.15027401556674e-05
1,7,"NW",0.000254165545298135
1,10,"GM",0.00041230908095869
1,10,"LL",3.15255411460919e-05
1,10,"NW",0.000178313484081491
1,14,"GM",0.000373745909633978
1,14,"LL",2.39420313451569e-05
1,14,"NW",0.000122808231320612
2,7,"GM",0.00132171285781544
2,7,"LL",0.000215457738959161
2,7,"NW",0.000805061364093722
2,10,"GM",0.00141872699456486
2,10,"LL",0.000129629902512241
2,10,"NW",0.000524660198915599
2,14,"GM",0.00103523728203381
2,14,"LL",9.03099721006967e-05
2,14,"NW",0.000333913166973438
3,7,"GM",0.00224450473486366
3,7,"LL",0.000667128319901225
3,7,"NW",0.00154570501673574
3,10,"GM",0.00172826778356747
3,10,"LL",0.000345757957209623
3,10,"NW",0.000840166750045304
3,14,"GM",0.00150917218170622
3,14,"LL",0.000247541667288486
3,14,"NW",0.000480517393108907
1,7,"GM",0.000494126828396567
1,7,"LL",4.03384260992307e-05
1,7,"NW",0.0002324986088004
1,10,"GM",0.000376832223721549
1,10,"LL",3.22719648694029e-05
1,10,"NW",0.000195201394258059
1,14,"GM",0.00038822930233749
1,14,"LL",2.43478477918681e-05
1,14,"NW",0.000131932948660265
2,7,"GM",0.00126056843170732
2,7,"LL",0.000216342800605428
2,7,"NW",0.000760340194663764
2,10,"GM",0.00121366926386855
2,10,"LL",0.000125500769121589
2,10,"NW",0.000513940368556632
2,14,"GM",0.00102788417075381
2,14,"LL",9.27246679195553e-05
2,14,"NW",0.000329514533175093
3,7,"GM",0.00301200868095023
3,7,"LL",0.000657171992979863
3,7,"NW",0.0014389598208695
3,10,"GM",0.00171228279267325
3,10,"LL",0.000334746891807555
3,10,"NW",0.000948145598123469
3,14,"GM",0.00157120673098449
3,14,"LL",0.000254273810859005
3,14,"NW",0.000628453539827006
1,7,"GM",0.000463778336474636
1,7,"LL",4.18976210496122e-05
1,7,"NW",0.000230553588106565
1,10,"GM",0.000370960326055237
1,10,"LL",3.47304893889273e-05
1,10,"NW",0.000180414635659195
1,14,"GM",0.000337489966949982
1,14,"LL",2.40629400872126e-05
1,14,"NW",0.000127874236197287
2,7,"GM",0.00130042047677907
2,7,"LL",0.000235029238830522
2,7,"NW",0.000706983647153725
2,10,"GM",0.00113841021125487
2,10,"LL",0.000136225068372097
2,10,"NW",0.000499916339148909
2,14,"GM",0.00121900349058158
2,14,"LL",8.68912519198421e-05
2,14,"NW",0.000344218499200714
3,7,"GM",0.00214304406779968
3,7,"LL",0.000558667953377344
3,7,"NW",0.00148455208084749
3,10,"GM",0.0020629408146919
3,10,"LL",0.000373606075030448
3,10,"NW",0.00105176215912288
3,14,"GM",0.00153851389373571
3,14,"LL",0.000257385477945071
3,14,"NW",0.000468557491929788
1,7,"GM",0.000597232461322026
1,7,"LL",3.84520300304714e-05
1,7,"NW",0.000218002978048772
1,10,"GM",0.000433194544651035
1,10,"LL",3.63916335994208e-05
1,10,"NW",0.000172490303509476
1,14,"GM",0.000376601377663942
1,14,"LL",2.31893659781228e-05
1,14,"NW",0.000126448079436465
2,7,"GM",0.00160494260670769
2,7,"LL",0.000213950377752971
2,7,"NW",0.000736480682483281
2,10,"GM",0.00105060946618663
2,10,"LL",0.000136992316384063
2,10,"NW",0.000560476560586006
2,14,"GM",0.00101081473738485
2,14,"LL",8.63592134759077e-05
2,14,"NW",0.000308633427757999
3,7,"GM",0.00249166576787585
3,7,"LL",0.000545932311502307
3,7,"NW",0.00142566516896071
3,10,"GM",0.00162790746444013
3,10,"LL",0.00030668000341641
3,10,"NW",0.00093719083197691
3,14,"GM",0.00154067563780744
3,14,"LL",0.000223524141190648
3,14,"NW",0.000574339425782921
1,7,"GM",0.000484436982732636
1,7,"LL",3.77051368872849e-05
1,7,"NW",0.000214951504023598
1,10,"GM",0.000407032143538488
1,10,"LL",3.35472077821773e-05
1,10,"NW",0.000184667997172921
1,14,"GM",0.000338051550424799
1,14,"LL",2.52451194047482e-05
1,14,"NW",0.000122890126521808
2,7,"GM",0.00161713958879361
2,7,"LL",0.000217474632944475
2,7,"NW",0.000711927116228102
2,10,"GM",0.00116642683803372
2,10,"LL",0.00013071285709606
2,10,"NW",0.000516594168684754
2,14,"GM",0.00100754807813501
2,14,"LL",9.33771707833975e-05
2,14,"NW",0.000323152183135716
3,7,"GM",0.00251555017782518
3,7,"LL",0.000593041027605375
3,7,"NW",0.00142777244320734
3,10,"GM",0.00188459894864007
3,10,"LL",0.000300714120189891
3,10,"NW",0.000738444798141811
3,14,"GM",0.00147161622186229
3,14,"LL",0.000231800567296619
3,14,"NW",0.000456315105232642
1,7,"GM",0.000625915294953318
1,7,"LL",3.9462624550201e-05
1,7,"NW",0.000203644079735717
1,10,"GM",0.000414102168012931
1,10,"LL",3.4184940390709e-05
1,10,"NW",0.000188925424743671
1,14,"GM",0.000345464010023656
1,14,"LL",2.00761736062568e-05
1,14,"NW",0.000120152836620529
2,7,"GM",0.00145672866918994
2,7,"LL",0.000218188460410705
2,7,"NW",0.000744407657884548
2,10,"GM",0.00116603338447313
2,10,"LL",0.000134275786521057
2,10,"NW",0.000518531668570883
2,14,"GM",0.00104718236196046
2,14,"LL",8.58497113359223e-05
2,14,"NW",0.000339619964514822
3,7,"GM",0.00226251488977747
3,7,"LL",0.00052371166992906
3,7,"NW",0.00124229997514584
3,10,"GM",0.00162725886323427
3,10,"LL",0.000358740101758417
3,10,"NW",0.000985990964038472
3,14,"GM",0.00197203599533918
3,14,"LL",0.000234861237426505
3,14,"NW",0.000513476194462647
1,7,"GM",0.000537951879132804
1,7,"LL",4.04241073780751e-05
1,7,"NW",0.000246290603155112
1,10,"GM",0.000393253956864862
1,10,"LL",3.28125726523423e-05
1,10,"NW",0.000180830366225396
1,14,"GM",0.000369359838142773
1,14,"LL",2.29201426581153e-05
1,14,"NW",0.000123715887044149
2,7,"GM",0.00168699966751109
2,7,"LL",0.00021269342585989
2,7,"NW",0.00073019759672881
2,10,"GM",0.00112915625511489
2,10,"LL",0.000135778892496703
2,10,"NW",0.000523016274393096
2,14,"GM",0.00122879909643657
2,14,"LL",8.91300401214838e-05
2,14,"NW",0.000342873104229176
3,7,"GM",0.00245879290773894
3,7,"LL",0.000675408237912719
3,7,"NW",0.00181806067834838
3,10,"GM",0.00177282481671123
3,10,"LL",0.000352884476730351
3,10,"NW",0.000792867148633557
3,14,"GM",0.00150900688833673
3,14,"LL",0.000215747974627431
3,14,"NW",0.000465682761645031
1,7,"GM",0.00047148644239141
1,7,"LL",3.80279481062815e-05
1,7,"NW",0.000217029583634738
1,10,"GM",0.000416523815929166
1,10,"LL",3.45677109665865e-05
1,10,"NW",0.000170189091340888
1,14,"GM",0.000376604346192754
1,14,"LL",2.57642264474741e-05
1,14,"NW",0.000116892784144987
2,7,"GM",0.0014234239383627
2,7,"LL",0.000216885508990885
2,7,"NW",0.000817030009386578
2,10,"GM",0.00121463607827422
2,10,"LL",0.000119395385328685
2,10,"NW",0.000520789052202556
2,14,"GM",0.00109370109661704
2,14,"LL",9.08822157799924e-05
2,14,"NW",0.000318636057164708
3,7,"GM",0.0021285751501846
3,7,"LL",0.000564339156621941
3,7,"NW",0.00151955199362122
3,10,"GM",0.00197854669561723
3,10,"LL",0.000390707323795103
3,10,"NW",0.000747393367075794
3,14,"GM",0.00173344613322278
3,14,"LL",0.000250622618414967
3,14,"NW",0.000478602471472813
1,7,"GM",0.00059888358611986
1,7,"LL",4.14745843206479e-05
1,7,"NW",0.000203062064814552
1,10,"GM",0.000402685592625564
1,10,"LL",3.35477213761652e-05
1,10,"NW",0.000177283995829913
1,14,"GM",0.000363561242180253
1,14,"LL",2.39525213203851e-05
1,14,"NW",0.00012822628468228
2,7,"GM",0.00135931187152393
2,7,"LL",0.000216925983007852
2,7,"NW",0.000759356377119786
2,10,"GM",0.00118028774114265
2,10,"LL",0.000136498516226785
2,10,"NW",0.000531330084817266
2,14,"GM",0.00149650142984153
2,14,"LL",8.72665506692193e-05
2,14,"NW",0.000322581197993976
3,7,"GM",0.00235066994575999
3,7,"LL",0.00055189842382386
3,7,"NW",0.00144991543078744
3,10,"GM",0.00238251059331517
3,10,"LL",0.000364038636771858
3,10,"NW",0.000991659832887984
3,14,"GM",0.00168420535816013
3,14,"LL",0.000249057388903532
3,14,"NW",0.000489918772952413
1,7,"GM",0.000692951317100852
1,7,"LL",4.16022112240379e-05
1,7,"NW",0.000218732788264647
1,10,"GM",0.000444707942906909
1,10,"LL",3.56176941402288e-05
1,10,"NW",0.000182238802521371
1,14,"GM",0.000328826923517142
1,14,"LL",2.20456914951001e-05
1,14,"NW",0.000107816245079579
2,7,"GM",0.00129738962009175
2,7,"LL",0.000211280395415805
2,7,"NW",0.000725424449167086
2,10,"GM",0.00120134140852331
2,10,"LL",0.00013310955849356
2,10,"NW",0.000513023471979424
2,14,"GM",0.00109458020241898
2,14,"LL",8.926832565975e-05
2,14,"NW",0.000329263582539096
3,7,"GM",0.00252905069543161
3,7,"LL",0.000557689650658784
3,7,"NW",0.00152614413592975
3,10,"GM",0.0016874385399749
3,10,"LL",0.000373056829078457
3,10,"NW",0.000738570292578527
3,14,"GM",0.00219237574609486
3,14,"LL",0.000246764551220782
3,14,"NW",0.000490259789056461
1,7,"GM",0.000630759209711064
1,7,"LL",4.29134213228344e-05
1,7,"NW",0.000234325795393694
1,10,"GM",0.000354773914138043
1,10,"LL",3.4907877762311e-05
1,10,"NW",0.000177756025855702
1,14,"GM",0.000380355726860691
1,14,"LL",2.37037209583853e-05
1,14,"NW",0.000106395496269897
2,7,"GM",0.00129599316154078
2,7,"LL",0.000205166446445965
2,7,"NW",0.000703674808268613
2,10,"GM",0.00150589846798688
2,10,"LL",0.000134649326399665
2,10,"NW",0.000523334022632338
2,14,"GM",0.00126495378625126
2,14,"LL",9.16639396030059e-05
2,14,"NW",0.000307967015788374
3,7,"GM",0.00266083893400949
3,7,"LL",0.000593811437845503
3,7,"NW",0.00121341076109537
3,10,"GM",0.00203381872238872
3,10,"LL",0.000404728292568546
3,10,"NW",0.000855926848976212
3,14,"GM",0.00150928638649343
3,14,"LL",0.000226867152933249
3,14,"NW",0.000562549091728929
1,7,"GM",0.000513611606633697
1,7,"LL",3.7718900554111e-05
1,7,"NW",0.000245429220245805
1,10,"GM",0.000506650171853682
1,10,"LL",3.51201018481926e-05
1,10,"NW",0.000165498835831434
1,14,"GM",0.000361946435518152
1,14,"LL",2.28258091192266e-05
1,14,"NW",0.000125828315378899
2,7,"GM",0.00128180698206486
2,7,"LL",0.000231674222498192
2,7,"NW",0.000732384873900552
2,10,"GM",0.00109522634871945
2,10,"LL",0.000132527213032522
2,10,"NW",0.000486718619568089
2,14,"GM",0.0011324262473946
2,14,"LL",9.07567880106009e-05
2,14,"NW",0.000299114686040857
3,7,"GM",0.00234133937740982
3,7,"LL",0.000508606854819133
3,7,"NW",0.00167926488075555
3,10,"GM",0.0018936474581747
3,10,"LL",0.000397794120102435
3,10,"NW",0.000949350234081509
3,14,"GM",0.00144863137083823
3,14,"LL",0.000250659341772205
3,14,"NW",0.000529028646279361
1,7,"GM",0.000442527978725471
1,7,"LL",4.08335710431412e-05
1,7,"NW",0.000237576563650233
1,10,"GM",0.000375369037178322
1,10,"LL",3.14328629357726e-05
1,10,"NW",0.000170921272192927
1,14,"GM",0.000353540117245822
1,14,"LL",2.47850471185139e-05
1,14,"NW",0.000133137269508303
2,7,"GM",0.00124093132286405
2,7,"LL",0.000213965710962833
2,7,"NW",0.000742559254001833
2,10,"GM",0.00176938924100056
2,10,"LL",0.000124530173688975
2,10,"NW",0.000496557802559597
2,14,"GM",0.0010906491019896
2,14,"LL",9.63403617727208e-05
2,14,"NW",0.000358562374301829
3,7,"GM",0.00285342766409147
3,7,"LL",0.000705900847490838
3,7,"NW",0.00167004251824688
3,10,"GM",0.00185316395247928
3,10,"LL",0.000336044538533118
3,10,"NW",0.000771173476112762
3,14,"GM",0.00160530237534473
3,14,"LL",0.000253482307502698
3,14,"NW",0.000505516856048006
1,7,"GM",0.000453646386374149
1,7,"LL",3.58095469237959e-05
1,7,"NW",0.000216511371454652
1,10,"GM",0.000364280168588713
1,10,"LL",3.37750733480948e-05
1,10,"NW",0.000195748160519847
1,14,"GM",0.000240708888785229
1,14,"LL",2.3287653541196e-05
1,14,"NW",0.000130969052219645
2,7,"GM",0.0013292750833955
2,7,"LL",0.000216725650707065
2,7,"NW",0.000812504909573895
2,10,"GM",0.00114949698760537
2,10,"LL",0.000127943198145407
2,10,"NW",0.000547321486817151
2,14,"GM",0.000975470865510509
2,14,"LL",8.48011032333954e-05
2,14,"NW",0.000316884042330203
3,7,"GM",0.00264633764939598
3,7,"LL",0.000674848556837913
3,7,"NW",0.00151687681955388
3,10,"GM",0.0018668029074474
3,10,"LL",0.000341329802372802
3,10,"NW",0.000936209246327932
3,14,"GM",0.00165870287088381
3,14,"LL",0.000262956933006532
3,14,"NW",0.000552798672823737
1,7,"GM",0.000452751898273915
1,7,"LL",4.10248111574391e-05
1,7,"NW",0.000247218543214461
1,10,"GM",0.000372740818639453
1,10,"LL",3.37516893292226e-05
1,10,"NW",0.000173760521744519
1,14,"GM",0.000328890526614989
1,14,"LL",2.42171097481582e-05
1,14,"NW",0.000117128444544932
2,7,"GM",0.00143729055720269
2,7,"LL",0.000216599081911778
2,7,"NW",0.000860223307420127
2,10,"GM",0.00116289667980636
2,10,"LL",0.000136154552443286
2,10,"NW",0.000551137860801455
2,14,"GM",0.00100013021735834
2,14,"LL",8.6581554791408e-05
2,14,"NW",0.000306407240879659
3,7,"GM",0.00275884753209164
3,7,"LL",0.000564859315947165
3,7,"NW",0.00157241172662824
3,10,"GM",0.00171601474446102
3,10,"LL",0.000324465005620698
3,10,"NW",0.00102257938261682
3,14,"GM",0.00151864067428243
3,14,"LL",0.000229195252479839
3,14,"NW",0.000408862034914216
1,7,"GM",0.0005177141084594
1,7,"LL",3.95985978647986e-05
1,7,"NW",0.000235624066121621
1,10,"GM",0.000405170738518465
1,10,"LL",3.5482345388379e-05
1,10,"NW",0.000192839769789084
1,14,"GM",0.000368829034663311
1,14,"LL",2.5920097560879e-05
1,14,"NW",0.000121182964029321
2,7,"GM",0.00118747658185525
2,7,"LL",0.000214634920745474
2,7,"NW",0.000713446667578845
2,10,"GM",0.00109596210390383
2,10,"LL",0.000135200205532568
2,10,"NW",0.000490537545202936
2,14,"GM",0.000873897694054949
2,14,"LL",8.74734649873004e-05
2,14,"NW",0.000310654720393326
3,7,"GM",0.00248579624944009
3,7,"LL",0.000702673590527438
3,7,"NW",0.00162044925998048
3,10,"GM",0.0020497265696999
3,10,"LL",0.00035516083112603
3,10,"NW",0.000912337397108628
3,14,"GM",0.00158485111345107
3,14,"LL",0.000233573320297794
3,14,"NW",0.000497120149741389
1,7,"GM",0.000494456784484834
1,7,"LL",3.77208286612922e-05
1,7,"NW",0.000199531957935151
1,10,"GM",0.000419764959639915
1,10,"LL",3.35149862576078e-05
1,10,"NW",0.000200824319470883
1,14,"GM",0.000354388669935713
1,14,"LL",2.26054303261809e-05
1,14,"NW",0.000109959795286102
2,7,"GM",0.0012837937013145
2,7,"LL",0.000224067049075318
2,7,"NW",0.000707087005783086
2,10,"GM",0.00115429396467778
2,10,"LL",0.000127875028617237
2,10,"NW",0.000522725538460335
2,14,"GM",0.00084492791786359
2,14,"LL",7.98306957222969e-05
2,14,"NW",0.000329862068199551
3,7,"GM",0.00250229779038526
3,7,"LL",0.000587144755350687
3,7,"NW",0.00137176768469843
3,10,"GM",0.00160075137127875
3,10,"LL",0.000323461243567689
3,10,"NW",0.000906099841771966
3,14,"GM",0.00186480537135689
3,14,"LL",0.000249585692345854
3,14,"NW",0.000493904550645485
1,7,"GM",0.000514098462777557
1,7,"LL",4.00022768171487e-05
1,7,"NW",0.000242341035975987
1,10,"GM",0.000405859259936299
1,10,"LL",3.54049545596504e-05
1,10,"NW",0.000185630672077981
1,14,"GM",0.000350330539198613
1,14,"LL",2.5420206096537e-05
1,14,"NW",0.000137195075382122
2,7,"GM",0.00139836865859852
2,7,"LL",0.000218666898600511
2,7,"NW",0.000721729610662932
2,10,"GM",0.00115561164634237
2,10,"LL",0.000125446858213858
2,10,"NW",0.000524640361709475
2,14,"GM",0.00103002126812383
2,14,"LL",8.45162254743499e-05
2,14,"NW",0.000303457504887005
3,7,"GM",0.00243781412421158
3,7,"LL",0.00067590185656884
3,7,"NW",0.00145438903973391
3,10,"GM",0.00188135128956813
3,10,"LL",0.000311939122295544
3,10,"NW",0.00106553937241533
3,14,"GM",0.00157167168603168
3,14,"LL",0.0002713305532201
3,14,"NW",0.000532965739405374
1,7,"GM",0.000531300832591333
1,7,"LL",3.6683081058823e-05
1,7,"NW",0.000235052906039497
1,10,"GM",0.000374294690040385
1,10,"LL",3.46514688091908e-05
1,10,"NW",0.000186965404598454
1,14,"GM",0.000340527356363135
1,14,"LL",2.36179947309471e-05
1,14,"NW",0.000125633712583051
2,7,"GM",0.00125064491285613
2,7,"LL",0.000206926131364427
2,7,"NW",0.000818277267435803
2,10,"GM",0.00136149827635968
2,10,"LL",0.000131649861198577
2,10,"NW",0.000550625251303516
2,14,"GM",0.00098085948986747
2,14,"LL",8.41649528819725e-05
2,14,"NW",0.000313779251860484
3,7,"GM",0.00227849183156106
3,7,"LL",0.000589032423444153
3,7,"NW",0.00133334068859431
3,10,"GM",0.00180220953607302
3,10,"LL",0.000346692326323136
3,10,"NW",0.0010990368029321
3,14,"GM",0.00159515986663463
3,14,"LL",0.000263303161400079
3,14,"NW",0.000443530210910288
1,7,"GM",0.00048103847351691
1,7,"LL",4.00757001262692e-05
1,7,"NW",0.000231383654994635
1,10,"GM",0.00041872654402078
1,10,"LL",3.54266725935209e-05
1,10,"NW",0.000181290234466251
1,14,"GM",0.000350190004883754
1,14,"LL",2.51287605192698e-05
1,14,"NW",0.000118654241663251
2,7,"GM",0.00188700297667222
2,7,"LL",0.000214057886172752
2,7,"NW",0.000794326099347094
2,10,"GM",0.00105923201779567
2,10,"LL",0.00013970621860951
2,10,"NW",0.00053552202206108
2,14,"GM",0.00108563001946455
2,14,"LL",9.44444006723369e-05
2,14,"NW",0.00034993440616964
3,7,"GM",0.00216995746336817
3,7,"LL",0.000561111193276448
3,7,"NW",0.00160199291836346
3,10,"GM",0.00183127689072045
3,10,"LL",0.000391184435173333
3,10,"NW",0.000991808336175327
3,14,"GM",0.00181330034973157
3,14,"LL",0.000246340476983184
3,14,"NW",0.000519187876213895
1,7,"GM",0.000489323844803322
1,7,"LL",3.95312609738608e-05
1,7,"NW",0.000217971703913321
1,10,"GM",0.000372792499448873
1,10,"LL",3.49777605232079e-05
1,10,"NW",0.00017442734857605
1,14,"GM",0.00037701581363247
1,14,"LL",2.30047713844221e-05
1,14,"NW",0.000127879990865785
2,7,"GM",0.00125969834055844
2,7,"LL",0.000211314546344034
2,7,"NW",0.000626713597710017
2,10,"GM",0.00114851987901499
2,10,"LL",0.000134334052027361
2,10,"NW",0.000481924292933754
2,14,"GM",0.00113185670311974
2,14,"LL",8.71738101260399e-05
2,14,"NW",0.000330758588396419
3,7,"GM",0.00226844354826255
3,7,"LL",0.000634578693927071
3,7,"NW",0.00142691939031959
3,10,"GM",0.0019934516721347
3,10,"LL",0.000346919944097343
3,10,"NW",0.000933998154585841
3,14,"GM",0.00138302484013087
3,14,"LL",0.000211787226277753
3,14,"NW",0.000538765307712775
1,7,"GM",0.000544289580040643
1,7,"LL",3.82842069883932e-05
1,7,"NW",0.000225711356823881
1,10,"GM",0.000409477378564892
1,10,"LL",3.52766192513043e-05
1,10,"NW",0.000182174230746052
1,14,"GM",0.000328658350201163
1,14,"LL",2.2890773892445e-05
1,14,"NW",0.000114706541234355
2,7,"GM",0.00125660012642904
2,7,"LL",0.000226288287150335
2,7,"NW",0.000727084395721636
2,10,"GM",0.00114494184115592
2,10,"LL",0.000132719104716254
2,10,"NW",0.000511421133555741
2,14,"GM",0.00106051449107049
2,14,"LL",9.28151759889561e-05
2,14,"NW",0.000326064432129757
3,7,"GM",0.00242964629821129
3,7,"LL",0.000613943167420204
3,7,"NW",0.00158665627130582
3,10,"GM",0.00180917950901261
3,10,"LL",0.000407713194179313
3,10,"NW",0.000925230398141115
3,14,"GM",0.00164180836971753
3,14,"LL",0.000258672390966937
3,14,"NW",0.000442572805365852
1,7,"GM",0.00047548404360876
1,7,"LL",4.38646470879539e-05
1,7,"NW",0.000236173994721491
1,10,"GM",0.00038844912956803
1,10,"LL",3.4809587275436e-05
1,10,"NW",0.000176954177192665
1,14,"GM",0.000358115294346408
1,14,"LL",2.44495113823731e-05
1,14,"NW",0.000121047631871112
2,7,"GM",0.00152371882696037
2,7,"LL",0.000221054921404192
2,7,"NW",0.000741174095920694
2,10,"GM",0.00120274623739216
2,10,"LL",0.000123687555424623
2,10,"NW",0.000489491904268122
2,14,"GM",0.00099508322765012
2,14,"LL",9.2422357530473e-05
2,14,"NW",0.000304623933789837
3,7,"GM",0.00279320751657731
3,7,"LL",0.000571514158669484
3,7,"NW",0.00156790255649017
3,10,"GM",0.00186744752332648
3,10,"LL",0.000437416133206005
3,10,"NW",0.000802141418743949
3,14,"GM",0.00142429214166377
3,14,"LL",0.000210724228393664
3,14,"NW",0.000532067013223563
1,7,"GM",0.000527080216339824
1,7,"LL",4.04246370425017e-05
1,7,"NW",0.000213887045571451
1,10,"GM",0.000384348536766738
1,10,"LL",3.61697325609253e-05
1,10,"NW",0.000191497956896742
1,14,"GM",0.000374173064665229
1,14,"LL",2.31418810075395e-05
1,14,"NW",0.000137965903857518
2,7,"GM",0.00144847158084715
2,7,"LL",0.000201737878808845
2,7,"NW",0.000764716087584708
2,10,"GM",0.00112327227932607
2,10,"LL",0.000126360693468481
2,10,"NW",0.00052554418359787
2,14,"GM",0.00104020240519342
2,14,"LL",9.42723599813339e-05
2,14,"NW",0.000315665009001412
3,7,"GM",0.00234982424777067
3,7,"LL",0.000600707319027324
3,7,"NW",0.00151516748420343
3,10,"GM",0.00223648612075504
3,10,"LL",0.000375368140346558
3,10,"NW",0.00105469998398356
3,14,"GM",0.00143690777733881
3,14,"LL",0.000216683732553805
3,14,"NW",0.000541532866444629
1,7,"GM",0.000513967537314132
1,7,"LL",3.75359069849106e-05
1,7,"NW",0.000211637176507094
1,10,"GM",0.000538221811143739
1,10,"LL",3.58762463625147e-05
1,10,"NW",0.000190194118645331
1,14,"GM",0.000376934356416959
1,14,"LL",2.4192634174442e-05
1,14,"NW",0.000123326471866546
2,7,"GM",0.00121061952630655
2,7,"LL",0.000225822275867494
2,7,"NW",0.000793005442100615
2,10,"GM",0.00122440712511709
2,10,"LL",0.000142430788845847
2,10,"NW",0.000515352373326324
2,14,"GM",0.00121966080098275
2,14,"LL",8.88968152072697e-05
2,14,"NW",0.000273480251938232
3,7,"GM",0.00239047733488754
3,7,"LL",0.000599828147623401
3,7,"NW",0.00162451543502051
3,10,"GM",0.00192603684183667
3,10,"LL",0.000366382452545433
3,10,"NW",0.000826427941755398
3,14,"GM",0.00190467159146743
3,14,"LL",0.000220016125861561
3,14,"NW",0.000529722296515224
1,7,"GM",0.000557971710377595
1,7,"LL",3.95148850535117e-05
1,7,"NW",0.000241498097114823
1,10,"GM",0.000398673561407537
1,10,"LL",3.5750035164551e-05
1,10,"NW",0.000164749393322502
1,14,"GM",0.000366812597027135
1,14,"LL",2.27874009416211e-05
1,14,"NW",0.000130423431270596
2,7,"GM",0.00129352465990019
2,7,"LL",0.000213822654301107
2,7,"NW",0.000769326586874158
2,10,"GM",0.00112008408151792
2,10,"LL",0.000124057453556855
2,10,"NW",0.00050693849805347
2,14,"GM",0.000927873628624699
2,14,"LL",8.71538113001536e-05
2,14,"NW",0.000312744864377711
3,7,"GM",0.00278028778181595
3,7,"LL",0.000621642513974599
3,7,"NW",0.00159389490161129
3,10,"GM",0.00190756699659249
3,10,"LL",0.000391220867512213
3,10,"NW",0.000825278181271471
3,14,"GM",0.0013939668299447
3,14,"LL",0.000267012796486796
3,14,"NW",0.000486327181480789
1,7,"GM",0.000461834480319354
1,7,"LL",4.09118475700561e-05
1,7,"NW",0.000216352866551545
1,10,"GM",0.000387358343035569
1,10,"LL",3.4325081417981e-05
1,10,"NW",0.000178116964140249
1,14,"GM",0.000372430011645265
1,14,"LL",2.31139156406951e-05
1,14,"NW",0.000123652002764254
2,7,"GM",0.00141198393455285
2,7,"LL",0.000222832863377417
2,7,"NW",0.000709349693410489
2,10,"GM",0.000946540653349887
2,10,"LL",0.000133623484919199
2,10,"NW",0.0005562691422311
2,14,"GM",0.00105773461139784
2,14,"LL",8.95346588776998e-05
2,14,"NW",0.00030512485523808
3,7,"GM",0.0024095310513578
3,7,"LL",0.000544715626688641
3,7,"NW",0.00144720433909243
3,10,"GM",0.00206873952598974
3,10,"LL",0.00043050465618623
3,10,"NW",0.000970659326223965
3,14,"GM",0.00137846376587016
3,14,"LL",0.000253756747187099
3,14,"NW",0.000501993809683725
1,7,"GM",0.00046470209881841
1,7,"LL",4.25417259845381e-05
1,7,"NW",0.000230896954678815
1,10,"GM",0.000434914374452357
1,10,"LL",3.44435717487099e-05
1,10,"NW",0.000193386031663053
1,14,"GM",0.000360451828321057
1,14,"LL",2.48846434447905e-05
1,14,"NW",0.000125055128438389
2,7,"GM",0.00126211996558467
2,7,"LL",0.000202395376466801
2,7,"NW",0.000757377533999916
2,10,"GM",0.00108300511897139
2,10,"LL",0.000129824056676151
2,10,"NW",0.000538791258874762
2,14,"GM",0.00107723076954176
2,14,"LL",9.43993483369515e-05
2,14,"NW",0.000336576699773165
3,7,"GM",0.00294042395706178
3,7,"LL",0.000586820023592275
3,7,"NW",0.0013594597209018
3,10,"GM",0.00206681577617088
3,10,"LL",0.000347539448659063
3,10,"NW",0.000867307800483604
3,14,"GM",0.00176402211679788
3,14,"LL",0.000223177156835647
3,14,"NW",0.00059282531649387
1,7,"GM",0.000605337199287475
1,7,"LL",3.8128822441843e-05
1,7,"NW",0.000231203515149034
1,10,"GM",0.00041639130725185
1,10,"LL",3.18354818982543e-05
1,10,"NW",0.000176798754961974
1,14,"GM",0.000354826776040479
1,14,"LL",2.39615520169058e-05
1,14,"NW",0.00012786975224181
2,7,"GM",0.0013247086232943
2,7,"LL",0.000207051912306014
2,7,"NW",0.000789411701855999
2,10,"GM",0.00127873949749817
2,10,"LL",0.00013386813031602
2,10,"NW",0.00047752235847608
2,14,"GM",0.00121848590374092
2,14,"LL",8.67711652851566e-05
2,14,"NW",0.000322322136625119
3,7,"GM",0.0024233502644141
3,7,"LL",0.000549838490101471
3,7,"NW",0.0015268978115706
3,10,"GM",0.00176754395738883
3,10,"LL",0.00038357117250493
3,10,"NW",0.000901603357589075
3,14,"GM",0.00167304704260719
3,14,"LL",0.000235113170848279
3,14,"NW",0.000487513912918873
1,7,"GM",0.000453828107875079
1,7,"LL",4.08147316130553e-05
1,7,"NW",0.000226449251088918
1,10,"GM",0.000479193355361598
1,10,"LL",3.54312434032814e-05
1,10,"NW",0.000172041693839063
1,14,"GM",0.000431774735039288
1,14,"LL",2.19029980355155e-05
1,14,"NW",0.000118389524449524
2,7,"GM",0.00131271746064474
2,7,"LL",0.000233320180330712
2,7,"NW",0.000759430731666214
2,10,"GM",0.00135571946439972
2,10,"LL",0.000127084623819264
2,10,"NW",0.000523471318369363
2,14,"GM",0.00100150605231815
2,14,"LL",9.18786546361706e-05
2,14,"NW",0.000347527687620282
3,7,"GM",0.00231086887532102
3,7,"LL",0.00055156793082071
3,7,"NW",0.00169261062457729
3,10,"GM",0.00198815302585391
3,10,"LL",0.000368119770482876
3,10,"NW",0.000921256876278763
3,14,"GM",0.00156061757884496
3,14,"LL",0.000202110243066612
3,14,"NW",0.000556971641402127
1,7,"GM",0.000422848728227625
1,7,"LL",3.77633901195079e-05
1,7,"NW",0.0002325630395576
1,10,"GM",0.000474270498905608
1,10,"LL",3.65609735476192e-05
1,10,"NW",0.000176963563809648
1,14,"GM",0.000407531505369069
1,14,"LL",2.30699454677218e-05
1,14,"NW",0.000126723004428691
2,7,"GM",0.00131980821554042
2,7,"LL",0.000222819970586251
2,7,"NW",0.000789394513255412
2,10,"GM",0.00147892454141125
2,10,"LL",0.000133555308400685
2,10,"NW",0.000525402977810277
2,14,"GM",0.000979686155224184
2,14,"LL",8.62931064519822e-05
2,14,"NW",0.000323959634643204
3,7,"GM",0.00243575465646383
3,7,"LL",0.000619844403067148
3,7,"NW",0.00156641802463488
3,10,"GM",0.00188461313888046
3,10,"LL",0.000334200794831324
3,10,"NW",0.000829067672268462
3,14,"GM",0.00142498241888329
3,14,"LL",0.000261386177601985
3,14,"NW",0.000438125786113042
1,7,"GM",0.00046469295095723
1,7,"LL",3.864413886803e-05
1,7,"NW",0.000225746222686082
1,10,"GM",0.000426453593117413
1,10,"LL",3.25373333085093e-05
1,10,"NW",0.000168801562931641
1,14,"GM",0.000309818345411222
1,14,"LL",2.41689169487473e-05
1,14,"NW",0.000128061977857241
2,7,"GM",0.00127694949375146
2,7,"LL",0.000219523881576241
2,7,"NW",0.000784264540213152
2,10,"GM",0.00109738693305951
2,10,"LL",0.000125748359619695
2,10,"NW",0.000555043605230846
2,14,"GM",0.000959542054860738
2,14,"LL",8.81555888450331e-05
2,14,"NW",0.000306031244524699
3,7,"GM",0.00256940162911575
3,7,"LL",0.000616891360780538
3,7,"NW",0.00147886042530846
3,10,"GM",0.00159407080570917
3,10,"LL",0.000390283257126282
3,10,"NW",0.000943216323487801
3,14,"GM",0.00138720376966516
3,14,"LL",0.00023325796645099
3,14,"NW",0.00046950972831474
1,7,"GM",0.000589208393946917
1,7,"LL",4.29640839537051e-05
1,7,"NW",0.000217034467673125
1,10,"GM",0.000353981430988538
1,10,"LL",3.38217260158924e-05
1,10,"NW",0.000177183028568324
1,14,"GM",0.000328837031724899
1,14,"LL",2.41168986584416e-05
1,14,"NW",0.000131140139074245
2,7,"GM",0.00132857772648398
2,7,"LL",0.000218633048548717
2,7,"NW",0.000785890623048113
2,10,"GM",0.00120291713035994
2,10,"LL",0.000131857744729792
2,10,"NW",0.000523826205337057
2,14,"GM",0.00105044690205161
2,14,"LL",9.07949573353967e-05
2,14,"NW",0.00031528511396802
3,7,"GM",0.00257428689977726
3,7,"LL",0.000616017883794135
3,7,"NW",0.00142608596186297
3,10,"GM",0.00185422730694827
3,10,"LL",0.000332115704270982
3,10,"NW",0.00101214004007304
3,14,"GM",0.00154560286625299
3,14,"LL",0.000220282438583094
3,14,"NW",0.000485142548381595
1,7,"GM",0.000461119916201432
1,7,"LL",4.01048067547528e-05
1,7,"NW",0.000232866818085202
1,10,"GM",0.000413444078617935
1,10,"LL",3.35534412510558e-05
1,10,"NW",0.000170217133771757
1,14,"GM",0.000326147319430101
1,14,"LL",2.46896359077067e-05
1,14,"NW",0.000120546743062563
2,7,"GM",0.00124972333323091
2,7,"LL",0.000221600137810877
2,7,"NW",0.000783831811151253
2,10,"GM",0.00113036195405322
2,10,"LL",0.000126500946911736
2,10,"NW",0.000527717338614245
2,14,"GM",0.00160615668713327
2,14,"LL",8.9360413665421e-05
2,14,"NW",0.00031179379475704
3,7,"GM",0.00261798536209278
3,7,"LL",0.000572098864116471
3,7,"NW",0.00153933694899476
3,10,"GM",0.00171940872277831
3,10,"LL",0.000358031404037035
3,10,"NW",0.00080079194383738
3,14,"GM",0.00158731838317155
3,14,"LL",0.000262792509403994
3,14,"NW",0.00056438723649434
1,7,"GM",0.000507612400177935
1,7,"LL",3.81539515162044e-05
1,7,"NW",0.000214509520684335
1,10,"GM",0.000413701683146704
1,10,"LL",3.47650266699982e-05
1,10,"NW",0.0001810929958705
1,14,"GM",0.000324860531696304
1,14,"LL",2.44948556279729e-05
1,14,"NW",0.000121286686070811
2,7,"GM",0.00141074017693309
2,7,"LL",0.000202248297681879
2,7,"NW",0.000756652976062049
2,10,"GM",0.00106023062652276
2,10,"LL",0.000134415725109953
2,10,"NW",0.000544253010506125
2,14,"GM",0.00105263737386428
2,14,"LL",9.23549536909497e-05
2,14,"NW",0.00031437409937832
3,7,"GM",0.00270468547886465
3,7,"LL",0.000598565979816215
3,7,"NW",0.0015220826965601
3,10,"GM",0.00199989506555068
3,10,"LL",0.000338183993481264
3,10,"NW",0.000916878736582964
3,14,"GM",0.00166991107537949
3,14,"LL",0.000245915220152491
3,14,"NW",0.000438521138040561
1,7,"GM",0.00053037543372012
1,7,"LL",3.79426081469412e-05
1,7,"NW",0.000222074522413639
1,10,"GM",0.000407443262835589
1,10,"LL",3.70800106265792e-05
1,10,"NW",0.000166533956322487
1,14,"GM",0.000357448837654059
1,14,"LL",2.38782567013321e-05
1,14,"NW",0.000122682769443163
2,7,"GM",0.00175506869296059
2,7,"LL",0.000208023298394582
2,7,"NW",0.000752871924681903
2,10,"GM",0.00164926303913418
2,10,"LL",0.000142401830843385
2,10,"NW",0.000519899764787084
2,14,"GM",0.00100226027439602
2,14,"LL",8.93645598796919e-05
2,14,"NW",0.000295791311655684
3,7,"GM",0.00260806789605639
3,7,"LL",0.00059374719980578
3,7,"NW",0.00159761536775778
3,10,"GM",0.00167470446989479
3,10,"LL",0.000354204719529455
3,10,"NW",0.000860307315692491
3,14,"GM",0.00154989001689981
3,14,"LL",0.000210113588260167
3,14,"NW",0.000439561834351378
1,7,"GM",0.000513308201875938
1,7,"LL",4.03962935233711e-05
1,7,"NW",0.000243344587235671
1,10,"GM",0.000374995477462527
1,10,"LL",3.50890484220059e-05
1,10,"NW",0.000182196348774304
1,14,"GM",0.00036200087404341
1,14,"LL",2.49680542479127e-05
1,14,"NW",0.000123553680259896
2,7,"GM",0.00178765458565714
2,7,"LL",0.000217818950730025
2,7,"NW",0.000722175809544324
2,10,"GM",0.00118347085381104
2,10,"LL",0.000136575724565158
2,10,"NW",0.000517191548540031
2,14,"GM",0.00110621688097018
2,14,"LL",8.94851919685892e-05
2,14,"NW",0.000331621498737633
3,7,"GM",0.00238762651430084
3,7,"LL",0.000559832933941721
3,7,"NW",0.00129782425948154
3,10,"GM",0.00219658133255836
3,10,"LL",0.000387180544261336
3,10,"NW",0.00099242315325648
3,14,"GM",0.00151314355119097
3,14,"LL",0.000253587984180641
3,14,"NW",0.000520889860143245
1,7,"GM",0.00047862064651919
1,7,"LL",3.96170397591231e-05
1,7,"NW",0.000233475203774952
1,10,"GM",0.000382910331327589
1,10,"LL",3.61135579046906e-05
1,10,"NW",0.000187833996296652
1,14,"GM",0.000346273056049065
1,14,"LL",2.4990596827871e-05
1,14,"NW",0.000132335957619242
2,7,"GM",0.00128417145508097
2,7,"LL",0.000208504536337612
2,7,"NW",0.000739223196314616
2,10,"GM",0.00134535110536657
2,10,"LL",0.0001251199051274
2,10,"NW",0.00054019878829587
2,14,"GM",0.00086403557106982
2,14,"LL",9.29602501843127e-05
2,14,"NW",0.000348869868244706
3,7,"GM",0.00241682116094239
3,7,"LL",0.000533155942448939
3,7,"NW",0.00143744917192205
3,10,"GM",0.00268885522427658
3,10,"LL",0.000388509867803883
3,10,"NW",0.000901556793387808
3,14,"GM",0.00167875394337833
3,14,"LL",0.000258289675333475
3,14,"NW",0.000460535215338936
1,7,"GM",0.000513645942558533
1,7,"LL",4.11108845110612e-05
1,7,"NW",0.000244646057474458
1,10,"GM",0.000396085669822314
1,10,"LL",3.62894461192149e-05
1,10,"NW",0.000188313064407319
1,14,"GM",0.000539860611310736
1,14,"LL",2.28239485679521e-05
1,14,"NW",0.000122078316342554
2,7,"GM",0.00130527141600227
2,7,"LL",0.00022559619259187
2,7,"NW",0.000721883153674839
2,10,"GM",0.00127035534269067
2,10,"LL",0.00013386769078668
2,10,"NW",0.000549176155493466
2,14,"GM",0.00112226638121434
2,14,"LL",9.34289341291799e-05
2,14,"NW",0.000341198351841073
3,7,"GM",0.00215732995883364
3,7,"LL",0.000618861613258611
3,7,"NW",0.00141818481319653
3,10,"GM",0.00198085372002109
3,10,"LL",0.000338656550185923
3,10,"NW",0.0008186082066515
3,14,"GM",0.00164846899314894
3,14,"LL",0.000279452924727717
3,14,"NW",0.000559551166934561
1,7,"GM",0.000503047606581879
1,7,"LL",4.01512946812295e-05
1,7,"NW",0.000234647345629519
1,10,"GM",0.000490050866355045
1,10,"LL",3.58973368144774e-05
1,10,"NW",0.000203345014661075
1,14,"GM",0.000314171409910492
1,14,"LL",2.43663755181829e-05
1,14,"NW",0.000123086988675355
2,7,"GM",0.00121844983136277
2,7,"LL",0.000217599082043468
2,7,"NW",0.000766140337289692
2,10,"GM",0.00106987340498375
2,10,"LL",0.000128752050969562
2,10,"NW",0.00052663658663039
2,14,"GM",0.00112947105691156
2,14,"LL",9.53008498889098e-05
2,14,"NW",0.000313933205489447
3,7,"GM",0.00213975768800736
3,7,"LL",0.000620505107977208
3,7,"NW",0.0013583170226148
3,10,"GM",0.00173378414046702
3,10,"LL",0.000380167277215148
3,10,"NW",0.000860175720571564
3,14,"GM",0.00179314245013963
3,14,"LL",0.000256797273639769
3,14,"NW",0.000520949568555504
1,7,"GM",0.000486692994551699
1,7,"LL",4.13258033933193e-05
1,7,"NW",0.00024628928865816
1,10,"GM",0.000584423777052154
1,10,"LL",3.60091931662898e-05
1,10,"NW",0.000188627526824697
1,14,"GM",0.000329390717091625
1,14,"LL",2.32296489583754e-05
1,14,"NW",0.000124149808682979
2,7,"GM",0.00135838484767483
2,7,"LL",0.000220211521580992
2,7,"NW",0.000771989788310217
2,10,"GM",0.0014071038528838
2,10,"LL",0.000139373427292837
2,10,"NW",0.000510914044881039
2,14,"GM",0.0010634452853817
2,14,"LL",9.0556133433261e-05
2,14,"NW",0.000299814181243352
3,7,"GM",0.00230304163536772
3,7,"LL",0.00061018283145625
3,7,"NW",0.00159260969242781
3,10,"GM",0.00187246066797362
3,10,"LL",0.000319485951607083
3,10,"NW",0.000841942771582081
3,14,"GM",0.00163034995999972
3,14,"LL",0.000223272238887584
3,14,"NW",0.000583156581312522
1,7,"GM",0.000515080757261163
1,7,"LL",4.16502511653203e-05
1,7,"NW",0.000214533856540154
1,10,"GM",0.000412725442557538
1,10,"LL",3.61258183752034e-05
1,10,"NW",0.000173995984342432
1,14,"GM",0.000345700693978932
1,14,"LL",2.33729365179338e-05
1,14,"NW",0.000111821405589248
2,7,"GM",0.00130671257479267
2,7,"LL",0.00023062108285183
2,7,"NW",0.000764274876531524
2,10,"GM",0.00114773664978308
2,10,"LL",0.000134646824687659
2,10,"NW",0.000528977651863963
2,14,"GM",0.000976365194285861
2,14,"LL",9.64857197442469e-05
2,14,"NW",0.00028308863916626
3,7,"GM",0.00261773595199659
3,7,"LL",0.000536744261250549
3,7,"NW",0.00132072253451033
3,10,"GM",0.00182650540533847
3,10,"LL",0.000362454956832967
3,10,"NW",0.00081677719200317
3,14,"GM",0.00159333367153753
3,14,"LL",0.000218990250733444
3,14,"NW",0.000529767011546238
1,7,"GM",0.00046529510909632
1,7,"LL",4.08104070416312e-05
1,7,"NW",0.000238747479777415
1,10,"GM",0.000406845939707204
1,10,"LL",3.53263580636877e-05
1,10,"NW",0.00019391808299
1,14,"GM",0.000292852723585162
1,14,"LL",2.29511866727648e-05
1,14,"NW",0.000119811786875315
2,7,"GM",0.00127039346202351
2,7,"LL",0.000214846632975029
2,7,"NW",0.000776771977579639
2,10,"GM",0.00111502468453815
2,10,"LL",0.000134335497074192
2,10,"NW",0.000497234237578584
2,14,"GM",0.000992080473096135
2,14,"LL",9.12525067123478e-05
2,14,"NW",0.000318545924400101
3,7,"GM",0.00262924791178501
3,7,"LL",0.000595949377628114
3,7,"NW",0.00135705485559968
3,10,"GM",0.00175932135222309
3,10,"LL",0.000405985037747416
3,10,"NW",0.000741287580768767
3,14,"GM",0.00192966980855056
3,14,"LL",0.000203601235211056
3,14,"NW",0.000513511850888927
1,7,"GM",0.000522108114791978
1,7,"LL",3.66609166778037e-05
1,7,"NW",0.000208078467263288
1,10,"GM",0.000401096923261361
1,10,"LL",3.63185514376102e-05
1,10,"NW",0.000173185971770898
1,14,"GM",0.000353793582988874
1,14,"LL",2.47678218784419e-05
1,14,"NW",0.00012082550707001
2,7,"GM",0.00133142986789232
2,7,"LL",0.000221200546758675
2,7,"NW",0.000734476061075836
2,10,"GM",0.00111615307901482
2,10,"LL",0.000130340068344246
2,10,"NW",0.000545898239258887
2,14,"GM",0.00101442388680459
2,14,"LL",9.12529241346074e-05
2,14,"NW",0.0003551597221716
3,7,"GM",0.00229039088727942
3,7,"LL",0.000652418294558568
3,7,"NW",0.00148366155519533
3,10,"GM",0.00189280272517796
3,10,"LL",0.000314012607071867
3,10,"NW",0.000914975351159732
3,14,"GM",0.00135574994257126
3,14,"LL",0.00018995270513393
3,14,"NW",0.00058115732274936
1,7,"GM",0.000494199850852092
1,7,"LL",4.08588974339717e-05
1,7,"NW",0.000228710662989349
1,10,"GM",0.000432398383649527
1,10,"LL",3.56708239216106e-05
1,10,"NW",0.000174936287579057
1,14,"GM",0.000376612507124698
1,14,"LL",2.42068489690485e-05
1,14,"NW",0.000114820467638442
2,7,"GM",0.00123962700219858
2,7,"LL",0.000205135983169588
2,7,"NW",0.000766982007888064
2,10,"GM",0.00112395823996932
2,10,"LL",0.000126507693067504
2,10,"NW",0.000527742168963608
2,14,"GM",0.00115657792864362
2,14,"LL",8.60509712715809e-05
2,14,"NW",0.000364138635428322
3,7,"GM",0.00283096332807175
3,7,"LL",0.000604413410276465
3,7,"NW",0.00142216128953234
3,10,"GM",0.00194603229247459
3,10,"LL",0.000299098345282453
3,10,"NW",0.00100358301601475
3,14,"GM",0.00154513918087911
3,14,"LL",0.000266211020452504
3,14,"NW",0.000478797400276803
1,7,"GM",0.000589840442799511
1,7,"LL",3.87660443752052e-05
1,7,"NW",0.000238494314497472
1,10,"GM",0.000425831811235134
1,10,"LL",3.34494655084135e-05
1,10,"NW",0.000176765039555451
1,14,"GM",0.000321735517206258
1,14,"LL",2.29691354607208e-05
1,14,"NW",0.000127567348775654
2,7,"GM",0.00133554044465505
2,7,"LL",0.000214420267561512
2,7,"NW",0.000783543608068536
2,10,"GM",0.00115307894275706
2,10,"LL",0.000132502223949832
2,10,"NW",0.000544773088154821
2,14,"GM",0.00108949293893304
2,14,"LL",8.52791627296641e-05
2,14,"NW",0.000352246177144535
3,7,"GM",0.00248188913584388
3,7,"LL",0.000612094844505742
3,7,"NW",0.00130224286985596
3,10,"GM",0.00161781401183627
3,10,"LL",0.000368004207471511
3,10,"NW",0.00102526712005862
3,14,"GM",0.00159417639593867
3,14,"LL",0.00026944623594526
3,14,"NW",0.000521165255348888
1,7,"GM",0.000537519179828358
1,7,"LL",4.05234721327513e-05
1,7,"NW",0.000237425766692918
1,10,"GM",0.000395773522162178
1,10,"LL",3.82382178861976e-05
1,10,"NW",0.000174804671854679
1,14,"GM",0.000381014053728714
1,14,"LL",2.3216599054845e-05
1,14,"NW",0.000121006812442746
2,7,"GM",0.00110739723545416
2,7,"LL",0.00021455711349669
2,7,"NW",0.000771750109211173
2,10,"GM",0.00112998087693385
2,10,"LL",0.000127807979926067
2,10,"NW",0.000550898536112382
2,14,"GM",0.00106390699932174
2,14,"LL",8.68080390718584e-05
2,14,"NW",0.000299626481082384
3,7,"GM",0.00226089901813635
3,7,"LL",0.000633807226085567
3,7,"NW",0.00143619842182637
3,10,"GM",0.00166528068195218
3,10,"LL",0.000350485148263331
3,10,"NW",0.00108239252828723
3,14,"GM",0.00153130746808367
3,14,"LL",0.000213319600159073
3,14,"NW",0.000519208080737921
1,7,"GM",0.000467880265540897
1,7,"LL",3.95260908827492e-05
1,7,"NW",0.000248387321732199
1,10,"GM",0.000377612907236356
1,10,"LL",3.40587726185122e-05
1,10,"NW",0.000174236477622377
1,14,"GM",0.000345933090923059
1,14,"LL",2.44216733105961e-05
1,14,"NW",0.000111822825699346
2,7,"GM",0.00127351502142553
2,7,"LL",0.000231214751266408
2,7,"NW",0.000739414034083079
2,10,"GM",0.00110204394912367
2,10,"LL",0.000130592885313972
2,10,"NW",0.000501562742943379
2,14,"GM",0.000965889302538077
2,14,"LL",8.98265155681157e-05
2,14,"NW",0.000320048876684079
3,7,"GM",0.00236531189825681
3,7,"LL",0.000579822178562443
3,7,"NW",0.00135112967792105
3,10,"GM",0.00183183875756833
3,10,"LL",0.000378504347215477
3,10,"NW",0.000913454522207372
3,14,"GM",0.00156756947371436
3,14,"LL",0.000232737340900007
3,14,"NW",0.000586483520370621
1,7,"GM",0.000463453599987091
1,7,"LL",3.84204835748261e-05
1,7,"NW",0.000218272859532916
1,10,"GM",0.000391579542458938
1,10,"LL",3.71888324119457e-05
1,10,"NW",0.000187675442153965
1,14,"GM",0.000310227460854688
1,14,"LL",2.34307732871795e-05
1,14,"NW",0.000123222257915632
2,7,"GM",0.00134455855055885
2,7,"LL",0.000219623459067238
2,7,"NW",0.000659505197355423
2,10,"GM",0.00150823534286773
2,10,"LL",0.000130394559895109
2,10,"NW",0.000525299719075321
2,14,"GM",0.00109160709264477
2,14,"LL",9.23763195300842e-05
2,14,"NW",0.000322102149189489
3,7,"GM",0.00221396123317394
3,7,"LL",0.000725911918020719
3,7,"NW",0.00160288626997045
3,10,"GM",0.0016690392661072
3,10,"LL",0.000307315911020531
3,10,"NW",0.000868581297959292
3,14,"GM",0.0017565470457566
3,14,"LL",0.000253314884816782
3,14,"NW",0.000453679816977204
1,7,"GM",0.000489514542779171
1,7,"LL",3.70731365053277e-05
1,7,"NW",0.000208815043400184
1,10,"GM",0.000370497838942185
1,10,"LL",3.29538116541745e-05
1,10,"NW",0.000200837318681945
1,14,"GM",0.000410894267718072
1,14,"LL",2.35334243320885e-05
1,14,"NW",0.000111060884837129
2,7,"GM",0.00145088015727729
2,7,"LL",0.000208846234651418
2,7,"NW",0.000701948001706957
2,10,"GM",0.00112934903616641
2,10,"LL",0.000130473472150207
2,10,"NW",0.000515708694276264
2,14,"GM",0.000976891205663144
2,14,"LL",8.84924362602301e-05
2,14,"NW",0.000327112620519831
3,7,"GM",0.00263280161333623
3,7,"LL",0.000660515273799976
3,7,"NW",0.00155722521091434
3,10,"GM",0.00180981933633794
3,10,"LL",0.000368482078080927
3,10,"NW",0.000903204530636817
3,14,"GM",0.00161498675488302
3,14,"LL",0.000230197955342242
3,14,"NW",0.000472862524901099
1,7,"GM",0.000503271885880105
1,7,"LL",3.92844647352286e-05
1,7,"NW",0.000237343219953802
1,10,"GM",0.00039850473735616
1,10,"LL",3.2391848616249e-05
1,10,"NW",0.000197173085853338
1,14,"GM",0.000363898049282712
1,14,"LL",2.47683261345091e-05
1,14,"NW",0.000118370288899522
2,7,"GM",0.00127270728086861
2,7,"LL",0.00021253533858535
2,7,"NW",0.000740298308030144
2,10,"GM",0.00111405044256796
2,10,"LL",0.000135418356948695
2,10,"NW",0.000515707772957125
2,14,"GM",0.00108688671817
2,14,"LL",8.21747153255846e-05
2,14,"NW",0.00034898738185327
3,7,"GM",0.00250714935817301
3,7,"LL",0.000684363057474749
3,7,"NW",0.00134155311769491
3,10,"GM",0.00170012893887871
3,10,"LL",0.000336169582714488
3,10,"NW",0.000816054997290263
3,14,"GM",0.00245151539045103
3,14,"LL",0.00026579718665725
3,14,"NW",0.000558576395408846
1,7,"GM",0.000468643922944857
1,7,"LL",3.96347690259539e-05
1,7,"NW",0.000208103343573051
1,10,"GM",0.000387515920987386
1,10,"LL",3.47046758839712e-05
1,10,"NW",0.00018482185986361
1,14,"GM",0.000350814420172539
1,14,"LL",2.31831922418375e-05
1,14,"NW",0.000116915982662831
2,7,"GM",0.0011908465999047
2,7,"LL",0.000223146306677928
2,7,"NW",0.000816952539715112
2,10,"GM",0.00117930906097808
2,10,"LL",0.000130070610090559
2,10,"NW",0.000546673154968695
2,14,"GM",0.00104681760892361
2,14,"LL",9.4838784160858e-05
2,14,"NW",0.000296597252559074
3,7,"GM",0.00212175234105616
3,7,"LL",0.000674561004690176
3,7,"NW",0.00159332928524171
3,10,"GM",0.00194162688493754
3,10,"LL",0.00030059696516276
3,10,"NW",0.000913392286045169
3,14,"GM",0.00154492937826184
3,14,"LL",0.000200746926925892
3,14,"NW",0.000516038148750334
1,7,"GM",0.000459070195239642
1,7,"LL",3.66273143153023e-05
1,7,"NW",0.000223877653629429
1,10,"GM",0.000374971887846657
1,10,"LL",3.26813333259907e-05
1,10,"NW",0.000187828782382631
1,14,"GM",0.000357994676697783
1,14,"LL",2.37001477896913e-05
1,14,"NW",0.000114411200259854
2,7,"GM",0.00128688907500568
2,7,"LL",0.000215660992341333
2,7,"NW",0.000669300931237936
2,10,"GM",0.00105749618840978
2,10,"LL",0.000135250991411207
2,10,"NW",0.000485156219472556
2,14,"GM",0.000946077713136302
2,14,"LL",7.71729921739907e-05
2,14,"NW",0.000311678539754421
3,7,"GM",0.00203677557568418
3,7,"LL",0.000548260295457329
3,7,"NW",0.00158742341264909
3,10,"GM",0.00181091680545222
3,10,"LL",0.000337101149642326
3,10,"NW",0.000961698912280432
3,14,"GM",0.00185975682001806
3,14,"LL",0.000240897980398219
3,14,"NW",0.000498150977260116
1,7,"GM",0.000508686042415104
1,7,"LL",4.0554217799199e-05
1,7,"NW",0.000234563754546115
1,10,"GM",0.000367004543214289
1,10,"LL",3.25605172413888e-05
1,10,"NW",0.000165313896685922
1,14,"GM",0.000368868067350714
1,14,"LL",2.54448951467805e-05
1,14,"NW",0.000124559756260475
2,7,"GM",0.00127446842079422
2,7,"LL",0.000214044357867068
2,7,"NW",0.000762577781296756
2,10,"GM",0.00115008396456011
2,10,"LL",0.000128141741583229
2,10,"NW",0.000535514349546077
2,14,"GM",0.000748015917147652
2,14,"LL",8.87913226042979e-05
2,14,"NW",0.000331328524206016
3,7,"GM",0.00257870597227538
3,7,"LL",0.000521737785427744
3,7,"NW",0.00152125466928013
3,10,"GM",0.00174359855993857
3,10,"LL",0.000322264078915401
3,10,"NW",0.000830480740876326
3,14,"GM",0.00137279540602587
3,14,"LL",0.00020570315775003
3,14,"NW",0.000613412298264188
1,7,"GM",0.000524392197927565
1,7,"LL",4.34041525314263e-05
1,7,"NW",0.000225058164984759
1,10,"GM",0.000368672505121803
1,10,"LL",3.51389326157801e-05
1,10,"NW",0.000183749493668234
1,14,"GM",0.000376273080176298
1,14,"LL",2.4033084755178e-05
1,14,"NW",0.000112959577357398
2,7,"GM",0.00121160470629677
2,7,"LL",0.000212947537167526
2,7,"NW",0.000737716654711412
2,10,"GM",0.00115258358123819
2,10,"LL",0.000129881483711502
2,10,"NW",0.000514704223097746
2,14,"GM",0.000946986800658532
2,14,"LL",8.77837363040295e-05
2,14,"NW",0.000356301550891946
3,7,"GM",0.00236866229525688
3,7,"LL",0.000678175723313975
3,7,"NW",0.00158803168365675
3,10,"GM",0.00182647211099818
3,10,"LL",0.000305709518385759
3,10,"NW",0.00082742241591491
3,14,"GM",0.0015770469747878
3,14,"LL",0.000279815090753036
3,14,"NW",0.000493523753820728
1,7,"GM",0.000533397496001041
1,7,"LL",3.98776931536497e-05
1,7,"NW",0.000241726932263275
1,10,"GM",0.00042685358837857
1,10,"LL",3.21204359296889e-05
1,10,"NW",0.000191909633622468
1,14,"GM",0.00036134817529191
1,14,"LL",2.29674693603357e-05
1,14,"NW",0.000121093693565274
2,7,"GM",0.0012288453998742
2,7,"LL",0.000211484734629636
2,7,"NW",0.000774031931659316
2,10,"GM",0.00107891558779327
2,10,"LL",0.000145178195243966
2,10,"NW",0.000525103004965189
2,14,"GM",0.000972729628831751
2,14,"LL",8.47480814393659e-05
2,14,"NW",0.000325321214389464
3,7,"GM",0.00260741426578068
3,7,"LL",0.000616046222621059
3,7,"NW",0.00153581824703863
3,10,"GM",0.00225649293095239
3,10,"LL",0.000319966034794233
3,10,"NW",0.00085812995891597
3,14,"GM",0.00169537817657008
3,14,"LL",0.00027744566029629
3,14,"NW",0.000612946795407662
1,7,"GM",0.000479732063693569
1,7,"LL",4.12036050743441e-05
1,7,"NW",0.00021669765588333
1,10,"GM",0.000400589796243105
1,10,"LL",3.21241091214635e-05
1,10,"NW",0.00017460057822673
1,14,"GM",0.000390908635471651
1,14,"LL",2.39955370266924e-05
1,14,"NW",0.000135299191917622
2,7,"GM",0.00169397578981868
2,7,"LL",0.000215745894902011
2,7,"NW",0.000785721632381286
2,10,"GM",0.00102861009006989
2,10,"LL",0.00012809114445738
2,10,"NW",0.000553700887577803
2,14,"GM",0.00109121033361751
2,14,"LL",9.26711655982372e-05
2,14,"NW",0.000319005270937025
3,7,"GM",0.00237507886711104
3,7,"LL",0.00055491793273672
3,7,"NW",0.00150864632798953
3,10,"GM",0.00183783081161069
3,10,"LL",0.00037133511365734
3,10,"NW",0.000909271476782254
3,14,"GM",0.0017081021721844
3,14,"LL",0.000269111176737736
3,14,"NW",0.000481420142613901
1,7,"GM",0.000450703873870733
1,7,"LL",3.98217585209461e-05
1,7,"NW",0.000231620035502642
1,10,"GM",0.000358413404003432
1,10,"LL",3.45471245385461e-05
1,10,"NW",0.000186298107886707
1,14,"GM",0.0003269074180031
1,14,"LL",2.28323834695088e-05
1,14,"NW",0.000122092871457255
2,7,"GM",0.00125096532965192
2,7,"LL",0.000210829475759552
2,7,"NW",0.00075655769609594
2,10,"GM",0.00112026231212214
2,10,"LL",0.000130390618995073
2,10,"NW",0.000513192454667114
2,14,"GM",0.00100037609463085
2,14,"LL",9.65838328581805e-05
2,14,"NW",0.000321139100799281
3,7,"GM",0.00255422537734683
3,7,"LL",0.00070377463020218
3,7,"NW",0.00139469243771329
3,10,"GM",0.00183462227344007
3,10,"LL",0.000455080275105919
3,10,"NW",0.000812713572971083
3,14,"GM",0.001912598672288
3,14,"LL",0.000239469085825218
3,14,"NW",0.000501222433922594
1,7,"GM",0.000485156888040457
1,7,"LL",3.80838800282122e-05
1,7,"NW",0.000264382223389584
1,10,"GM",0.000404051224473427
1,10,"LL",3.39460223257315e-05
1,10,"NW",0.000182574949400657
1,14,"GM",0.000337721615521641
1,14,"LL",2.29884446229521e-05
1,14,"NW",0.000117911007577491
2,7,"GM",0.00164434027508548
2,7,"LL",0.000222676814125051
2,7,"NW",0.000757841467530403
2,10,"GM",0.00107566304297282
2,10,"LL",0.000139110777160528
2,10,"NW",0.000536324986714165
2,14,"GM",0.000989442669995419
2,14,"LL",8.81821642309017e-05
2,14,"NW",0.000340250316020401
3,7,"GM",0.00223816289783776
3,7,"LL",0.00057926904449659
3,7,"NW",0.00134932936183387
3,10,"GM",0.00178943700396078
3,10,"LL",0.000364680474606104
3,10,"NW",0.00106547771477109
3,14,"GM",0.00171242762836461
3,14,"LL",0.000256845641159944
3,14,"NW",0.000568294261651351
1,7,"GM",0.000529412983754502
1,7,"LL",3.89440386784417e-05
1,7,"NW",0.000218905408006524
1,10,"GM",0.000415545658051964
1,10,"LL",3.32301506323318e-05
1,10,"NW",0.000172754476401078
1,14,"GM",0.000344137425521623
1,14,"LL",2.54267828789863e-05
1,14,"NW",0.000127362372857045
2,7,"GM",0.00136344124010911
2,7,"LL",0.000209087841555537
2,7,"NW",0.000673003984593732
2,10,"GM",0.00114434686489712
2,10,"LL",0.000143409534925441
2,10,"NW",0.000543078266057914
2,14,"GM",0.001006295517909
2,14,"LL",8.88942494172049e-05
2,14,"NW",0.000349722342963208
3,7,"GM",0.00202706178339827
3,7,"LL",0.000622473649553679
3,7,"NW",0.00153760551566394
3,10,"GM",0.00187697118486699
3,10,"LL",0.000339795404361183
3,10,"NW",0.000877488753409838
3,14,"GM",0.00173515740187641
3,14,"LL",0.000196044823521705
3,14,"NW",0.000519673626773565
1,7,"GM",0.000541473407043849
1,7,"LL",4.0062640272766e-05
1,7,"NW",0.00024010886164304
1,10,"GM",0.000384756491002594
1,10,"LL",3.3334132990296e-05
1,10,"NW",0.000160668290708708
1,14,"GM",0.000344810204206762
1,14,"LL",2.38485742452298e-05
1,14,"NW",0.000126380389086243
2,7,"GM",0.00165737548154395
2,7,"LL",0.000231165899042238
2,7,"NW",0.000764987956051943
2,10,"GM",0.00151956500015978
2,10,"LL",0.000124688439832549
2,10,"NW",0.000488491616576467
2,14,"GM",0.00110729899765538
2,14,"LL",9.25617480096607e-05
2,14,"NW",0.000361923400600419
3,7,"GM",0.0022916688760751
3,7,"LL",0.000531931628645031
3,7,"NW",0.00178881720137777
3,10,"GM",0.0018112275634957
3,10,"LL",0.000335852321695377
3,10,"NW",0.000808760788912612
3,14,"GM",0.00165425503808228
3,14,"LL",0.000240387644425606
3,14,"NW",0.000578034802241944
1,7,"GM",0.000450739225405849
1,7,"LL",4.07235158502048e-05
1,7,"NW",0.000236914655314104
1,10,"GM",0.000383551732513092
1,10,"LL",3.42079366927885e-05
1,10,"NW",0.000181065357000781
1,14,"GM",0.000366510611555435
1,14,"LL",2.32253099020562e-05
1,14,"NW",0.000106780844079775
2,7,"GM",0.00164707160414842
2,7,"LL",0.000215182001276564
2,7,"NW",0.00085353860370477
2,10,"GM",0.00116516401385236
2,10,"LL",0.000124850357208477
2,10,"NW",0.000501132840289786
2,14,"GM",0.000982245102347651
2,14,"LL",8.90625671452097e-05
2,14,"NW",0.000306750332523106
3,7,"GM",0.00221975727432828
3,7,"LL",0.000530709441209353
3,7,"NW",0.00138269351339397
3,10,"GM",0.00194278044736913
3,10,"LL",0.000325743402405538
3,10,"NW",0.000955157390658716
3,14,"GM",0.0015785076087975
3,14,"LL",0.000193317037154192
3,14,"NW",0.000557662274709329
1,7,"GM",0.000464024199631567
1,7,"LL",4.08707932955408e-05
1,7,"NW",0.000252061930722412
1,10,"GM",0.000396240995579472
1,10,"LL",3.35675364082117e-05
1,10,"NW",0.000194576426663095
1,14,"GM",0.000430260577700282
1,14,"LL",2.33800563934437e-05
1,14,"NW",0.000124393357314909
2,7,"GM",0.00109152490401271
2,7,"LL",0.000215161578431114
2,7,"NW",0.000733168060276273
2,10,"GM",0.00123052712706677
2,10,"LL",0.000131736046499502
2,10,"NW",0.000526946066039184
2,14,"GM",0.00112933892202278
2,14,"LL",9.3422498343473e-05
2,14,"NW",0.000344828355581598
3,7,"GM",0.00211979510417733
3,7,"LL",0.000653087036500501
3,7,"NW",0.00150772233706992
3,10,"GM",0.00195719322669862
3,10,"LL",0.000295682470201426
3,10,"NW",0.000945368417074099
3,14,"GM",0.00149212675692047
3,14,"LL",0.000200357484535601
3,14,"NW",0.000469704837669264
1,7,"GM",0.000484089954277083
1,7,"LL",4.08699801662617e-05
1,7,"NW",0.000216993732507115
1,10,"GM",0.000424018916386195
1,10,"LL",3.62767374528514e-05
1,10,"NW",0.000183436050009564
1,14,"GM",0.00034545906257046
1,14,"LL",2.46679209167998e-05
1,14,"NW",0.000117557587553847
2,7,"GM",0.00147937306429903
2,7,"LL",0.000211952577151045
2,7,"NW",0.000736992720016541
2,10,"GM",0.00114250522446431
2,10,"LL",0.00012649479008525
2,10,"NW",0.000510468332104547
2,14,"GM",0.00102753797291155
2,14,"LL",7.95265767204257e-05
2,14,"NW",0.000322550411417427
3,7,"GM",0.00224490276928204
3,7,"LL",0.000674553015972689
3,7,"NW",0.00155490982852868
3,10,"GM",0.0017411168992281
3,10,"LL",0.000330389812797553
3,10,"NW",0.000897500010592558
3,14,"GM",0.00127932002071981
3,14,"LL",0.000218493127562829
3,14,"NW",0.000508856817906261
1,7,"GM",0.000489141665472422
1,7,"LL",3.91197529844552e-05
1,7,"NW",0.000243140067598582
1,10,"GM",0.000326217997714544
1,10,"LL",3.29861732529855e-05
1,10,"NW",0.000177487447748283
1,14,"GM",0.000370942349904101
1,14,"LL",2.36588858866467e-05
1,14,"NW",0.000124367909104954
2,7,"GM",0.00170490643876078
2,7,"LL",0.000213807709589058
2,7,"NW",0.000620915112155549
2,10,"GM",0.00115526457812278
2,10,"LL",0.000129349955392989
2,10,"NW",0.000508493804693977
2,14,"GM",0.00106882997200339
2,14,"LL",9.49595752908636e-05
2,14,"NW",0.000342320819060056
3,7,"GM",0.00224912726247964
3,7,"LL",0.000530982792656525
3,7,"NW",0.0014032851773088
3,10,"GM",0.00183044836047999
3,10,"LL",0.000337521267058534
3,10,"NW",0.00098885430891553
3,14,"GM",0.00159662814293043
3,14,"LL",0.000235766774751329
3,14,"NW",0.000597644779868693
1,7,"GM",0.000445212735688383
1,7,"LL",4.01365407603993e-05
1,7,"NW",0.000222426001936062
1,10,"GM",0.0004237791534695
1,10,"LL",3.56481674228258e-05
1,10,"NW",0.000180163680438079
1,14,"GM",0.000359619990881824
1,14,"LL",2.50363807255848e-05
1,14,"NW",0.000128478014411921
2,7,"GM",0.00139552008368142
2,7,"LL",0.000206004523945393
2,7,"NW",0.000682281160533083
2,10,"GM",0.00114116722510327
2,10,"LL",0.000129786086673238
2,10,"NW",0.000500655655389384
2,14,"GM",0.0010744130246032
2,14,"LL",8.78179499643224e-05
2,14,"NW",0.000307363214006298
3,7,"GM",0.00243618627732065
3,7,"LL",0.000609064716596864
3,7,"NW",0.00160293312969957
3,10,"GM",0.00191008523546077
3,10,"LL",0.000332428446835347
3,10,"NW",0.000832579432752256
3,14,"GM",0.00150273574163557
3,14,"LL",0.000249401427906339
3,14,"NW",0.00060930547418677
1,7,"GM",0.000524733631230616
1,7,"LL",3.98828024439336e-05
1,7,"NW",0.000237315282232445
1,10,"GM",0.000381548008126569
1,10,"LL",3.44135543737521e-05
1,10,"NW",0.000180352365230189
1,14,"GM",0.000340826908867055
1,14,"LL",2.21072953176878e-05
1,14,"NW",0.000126027909026856
2,7,"GM",0.00129679423564418
2,7,"LL",0.0002211483368112
2,7,"NW",0.000907894874751807
2,10,"GM",0.00112934284210511
2,10,"LL",0.000133071942616996
2,10,"NW",0.000512280514065576
2,14,"GM",0.00113091365147984
2,14,"LL",9.23428206411114e-05
2,14,"NW",0.000347677723945153
3,7,"GM",0.00226157648790716
3,7,"LL",0.00056406424031907
3,7,"NW",0.00164485245079569
3,10,"GM",0.00186110288106247
3,10,"LL",0.000376755280220826
3,10,"NW",0.000914768799565596
3,14,"GM",0.00146356110419156
3,14,"LL",0.000208212431301414
3,14,"NW",0.00048870092757034
1,7,"GM",0.000521770213099638
1,7,"LL",3.76498050763468e-05
1,7,"NW",0.000251811984059486
1,10,"GM",0.000390014709364765
1,10,"LL",3.73730945671765e-05
1,10,"NW",0.000177046779262628
1,14,"GM",0.000347074963443538
1,14,"LL",2.38205258600861e-05
1,14,"NW",0.000129856943508797
2,7,"GM",0.0014148833753045
2,7,"LL",0.000210912705671192
2,7,"NW",0.000760772958562414
2,10,"GM",0.00118039483672721
2,10,"LL",0.000132979752704657
2,10,"NW",0.000526804893706408
2,14,"GM",0.00117698333759148
2,14,"LL",8.8264270732385e-05
2,14,"NW",0.000370261461983591
3,7,"GM",0.002905731307355
3,7,"LL",0.000562342237000824
3,7,"NW",0.00140404505354601
3,10,"GM",0.00250123613775696
3,10,"LL",0.000341797208741007
3,10,"NW",0.000853541826142988
3,14,"GM",0.00168699426565091
3,14,"LL",0.000251361091650207
3,14,"NW",0.000463242618012787
1,7,"GM",0.00051321676724973
1,7,"LL",4.04769023561962e-05
1,7,"NW",0.000250932688430422
1,10,"GM",0.00037693452448855
1,10,"LL",3.48414755136752e-05
1,10,"NW",0.00018698292268312
1,14,"GM",0.000355456262202157
1,14,"LL",2.32049518990244e-05
1,14,"NW",0.000117246427515004
2,7,"GM",0.00112844319840833
2,7,"LL",0.000219412786886967
2,7,"NW",0.000738861358982653
2,10,"GM",0.00134945560456484
2,10,"LL",0.000133196959095168
2,10,"NW",0.000504284912929813
2,14,"GM",0.0010686990602319
2,14,"LL",8.80202695211807e-05
2,14,"NW",0.00033443843401476
3,7,"GM",0.00249537242015411
3,7,"LL",0.00053387374888903
3,7,"NW",0.00117136785288087
3,10,"GM",0.00192541477621277
3,10,"LL",0.000356207501701827
3,10,"NW",0.000980786411806413
3,14,"GM",0.00159267310617188
3,14,"LL",0.000236066903455023
3,14,"NW",0.000557571176464523
1,7,"GM",0.000493838556384509
1,7,"LL",4.11589141310236e-05
1,7,"NW",0.000241914522001086
1,10,"GM",0.000483541131997084
1,10,"LL",3.38532284817863e-05
1,10,"NW",0.000199575009082081
1,14,"GM",0.000379640198020168
1,14,"LL",2.47674340015507e-05
1,14,"NW",0.000119696177137375
2,7,"GM",0.00128410368709148
2,7,"LL",0.000231926475551641
2,7,"NW",0.000707379676674609
2,10,"GM",0.00116743810990978
2,10,"LL",0.000127990421664669
2,10,"NW",0.000545316652553016
2,14,"GM",0.00107341022283001
2,14,"LL",9.64395916780024e-05
2,14,"NW",0.000302975423598055
3,7,"GM",0.00250359264368914
3,7,"LL",0.000588543677329556
3,7,"NW",0.00139308605265644
3,10,"GM",0.00201289656565629
3,10,"LL",0.00038444106838024
3,10,"NW",0.00103520229831236
3,14,"GM",0.00152571534359171
3,14,"LL",0.000281686697926033
3,14,"NW",0.000525309682878561
1,7,"GM",0.000527451688501259
1,7,"LL",3.6742764067437e-05
1,7,"NW",0.00025711494594773
1,10,"GM",0.000380412807085668
1,10,"LL",3.64068892317345e-05
1,10,"NW",0.000176167021800149
1,14,"GM",0.000364414451309789
1,14,"LL",2.45692236384289e-05
1,14,"NW",0.000131977966397673
2,7,"GM",0.00171344354281702
2,7,"LL",0.00022659994565435
2,7,"NW",0.000712896281431472
2,10,"GM",0.00115361744119099
2,10,"LL",0.00013498476238178
2,10,"NW",0.000515348534043635
2,14,"GM",0.000950375327020081
2,14,"LL",8.56767221555995e-05
2,14,"NW",0.000326288183884111
3,7,"GM",0.0023854719711332
3,7,"LL",0.000486761542354131
3,7,"NW",0.00178052334181741
3,10,"GM",0.00191715740381426
3,10,"LL",0.00035061254854886
3,10,"NW",0.000993392975517228
3,14,"GM",0.00146991997998351
3,14,"LL",0.000208092344934008
3,14,"NW",0.000510455674969825
1,7,"GM",0.000524822131462795
1,7,"LL",4.056809225698e-05
1,7,"NW",0.00025484304857151
1,10,"GM",0.000382728839949166
1,10,"LL",3.49324520679407e-05
1,10,"NW",0.000191805435388246
1,14,"GM",0.000313307210911435
1,14,"LL",2.38590322767298e-05
1,14,"NW",0.000112528312593661
2,7,"GM",0.00127769419132869
2,7,"LL",0.000220706009576608
2,7,"NW",0.000647193202909233
2,10,"GM",0.00105546766900206
2,10,"LL",0.000132586581070487
2,10,"NW",0.000503034826001378
2,14,"GM",0.00103570382160447
2,14,"LL",9.63357294111555e-05
2,14,"NW",0.000334871070630657
3,7,"GM",0.00226260079882305
3,7,"LL",0.000607632078772381
3,7,"NW",0.0014092315738892
3,10,"GM",0.00164559294119131
3,10,"LL",0.000300987385902442
3,10,"NW",0.000886832343735432
3,14,"GM",0.00157602049000039
3,14,"LL",0.000222315642778058
3,14,"NW",0.000586256626228883
1,7,"GM",0.000422118018706046
1,7,"LL",4.12945020815481e-05
1,7,"NW",0.00024331255554892
1,10,"GM",0.000507887866634406
1,10,"LL",3.39846786529025e-05
1,10,"NW",0.000186134353705172
1,14,"GM",0.000387511905922611
1,14,"LL",2.43440512737934e-05
1,14,"NW",0.000129832562819271
2,7,"GM",0.00127342194358668
2,7,"LL",0.000210702871702907
2,7,"NW",0.000753275281957702
2,10,"GM",0.00110335683332798
2,10,"LL",0.000126723808774399
2,10,"NW",0.000520309233444905
2,14,"GM",0.00105338523316671
2,14,"LL",9.00354151731257e-05
2,14,"NW",0.000337758578001727
3,7,"GM",0.00224505841591199
3,7,"LL",0.00063178424045825
3,7,"NW",0.00137267677927191
3,10,"GM",0.00172485023418585
3,10,"LL",0.000343458848859495
3,10,"NW",0.000761112766378064
3,14,"GM",0.00208415887553496
3,14,"LL",0.000242665429276794
3,14,"NW",0.000557831301637747
1,7,"GM",0.000476525725887537
1,7,"LL",4.3168629965469e-05
1,7,"NW",0.000220156713284322
1,10,"GM",0.000470282495544556
1,10,"LL",3.52779083073339e-05
1,10,"NW",0.000189187444233723
1,14,"GM",0.000338505358203723
1,14,"LL",2.54127030450255e-05
1,14,"NW",0.00012956067387058
2,7,"GM",0.00123595393706941
2,7,"LL",0.000211360358778447
2,7,"NW",0.000812856959584255
2,10,"GM",0.00120955325734845
2,10,"LL",0.000130955607371998
2,10,"NW",0.000543420135950276
2,14,"GM",0.00104171319985149
2,14,"LL",8.94954749402589e-05
2,14,"NW",0.00033825575097182
3,7,"GM",0.00238724345679326
3,7,"LL",0.000573600326880358
3,7,"NW",0.00153575438656874
3,10,"GM",0.00203911725917498
3,10,"LL",0.000335088699061596
3,10,"NW",0.000854455703680839
3,14,"GM",0.00138603148735368
3,14,"LL",0.000242285834033559
3,14,"NW",0.000457091120025388
1,7,"GM",0.000434455972127642
1,7,"LL",3.6515609130514e-05
1,7,"NW",0.000241206198103956
1,10,"GM",0.000415447760486996
1,10,"LL",3.37450736522116e-05
1,10,"NW",0.000174131781243585
1,14,"GM",0.000377285390006393
1,14,"LL",2.41004386302234e-05
1,14,"NW",0.000125162940777752
2,7,"GM",0.00194129948787165
2,7,"LL",0.000222360311811902
2,7,"NW",0.000720307699781317
2,10,"GM",0.0017540026375867
2,10,"LL",0.000137170856330677
2,10,"NW",0.000522633645415147
2,14,"GM",0.00105404256322152
2,14,"LL",9.40164282377782e-05
2,14,"NW",0.000307580198591676
3,7,"GM",0.00233536456848609
3,7,"LL",0.00058459761509428
3,7,"NW",0.00156267442970332
3,10,"GM",0.00199835346236204
3,10,"LL",0.000382461817734252
3,10,"NW",0.000809751050869586
3,14,"GM",0.00171438579816878
3,14,"LL",0.000250984792195176
3,14,"NW",0.000571509148929867
1,7,"GM",0.000471076796100375
1,7,"LL",4.25538457801559e-05
1,7,"NW",0.000216584467855537
1,10,"GM",0.000370974694431656
1,10,"LL",3.26919010714251e-05
1,10,"NW",0.000179482866717158
1,14,"GM",0.000375413524870097
1,14,"LL",2.54538584311124e-05
1,14,"NW",0.000116716567607924
2,7,"GM",0.00132340787244183
2,7,"LL",0.00021549339204428
2,7,"NW",0.000694901669359717
2,10,"GM",0.00114097939144739
2,10,"LL",0.000130465235647882
2,10,"NW",0.000514206101776889
2,14,"GM",0.000995746487421042
2,14,"LL",8.85558497614812e-05
2,14,"NW",0.000294584085422371
3,7,"GM",0.00229849384076403
3,7,"LL",0.000618915828732579
3,7,"NW",0.00139059965757331
3,10,"GM",0.00182047501310942
3,10,"LL",0.000359769393771338
3,10,"NW",0.000957868958458456
3,14,"GM",0.00147351589642074
3,14,"LL",0.000218108729787062
3,14,"NW",0.00048652783833247
1,7,"GM",0.000536730463838217
1,7,"LL",3.92280149295804e-05
1,7,"NW",0.000227263052414702
1,10,"GM",0.000410301242129403
1,10,"LL",3.38882815838986e-05
1,10,"NW",0.000188918314859446
1,14,"GM",0.000338933909601283
1,14,"LL",2.47083858406405e-05
1,14,"NW",0.000121118335924596
2,7,"GM",0.00137346754007428
2,7,"LL",0.00020329574178178
2,7,"NW",0.000741672410317067
2,10,"GM",0.00118102742621881
2,10,"LL",0.000131928427256962
2,10,"NW",0.000505978985310722
2,14,"GM",0.000964908618554281
2,14,"LL",8.60561333788648e-05
2,14,"NW",0.000318403175962343
3,7,"GM",0.00234318895535152
3,7,"LL",0.000541807088751316
3,7,"NW",0.00138246705280967
3,10,"GM",0.00190964868561892
3,10,"LL",0.000388429228867818
3,10,"NW",0.000934331596135536
3,14,"GM",0.00160103944418433
3,14,"LL",0.000222941350730533
3,14,"NW",0.000467246391823716
1,7,"GM",0.000511389296175673
1,7,"LL",3.75846749431844e-05
1,7,"NW",0.000240987601892137
1,10,"GM",0.000479848505136031
1,10,"LL",3.59049326661632e-05
1,10,"NW",0.000182024646231001
1,14,"GM",0.000332617150355765
1,14,"LL",2.45683971716741e-05
1,14,"NW",0.000125563889420647
2,7,"GM",0.00183715725298385
2,7,"LL",0.000232340652970769
2,7,"NW",0.000706170745705125
2,10,"GM",0.000859174576865419
2,10,"LL",0.000129650772604765
2,10,"NW",0.000535738149551314
2,14,"GM",0.00105998142013328
2,14,"LL",9.16465036595098e-05
2,14,"NW",0.000321337479133382
3,7,"GM",0.0021770122775687
3,7,"LL",0.000675592301874692
3,7,"NW",0.00148703450588056
3,10,"GM",0.00208536591177991
3,10,"LL",0.000302796250037208
3,10,"NW",0.000897428155556157
3,14,"GM",0.00169529336007444
3,14,"LL",0.000246539115287795
3,14,"NW",0.000433836396849304
1,7,"GM",0.000497718782274282
1,7,"LL",3.92556432316425e-05
1,7,"NW",0.000210021000668483
1,10,"GM",0.000428497482205569
1,10,"LL",3.54129442955588e-05
1,10,"NW",0.000177024186124194
1,14,"GM",0.000379223341008483
1,14,"LL",2.40715533274089e-05
1,14,"NW",0.00012129205577093
2,7,"GM",0.00134179624521981
2,7,"LL",0.000215935639365277
2,7,"NW",0.000636441037604856
2,10,"GM",0.000996790611739589
2,10,"LL",0.000130570889145796
2,10,"NW",0.000541620886007717
2,14,"GM",0.00169241785063495
2,14,"LL",8.07124472314159e-05
2,14,"NW",0.00033287291905809
3,7,"GM",0.00205847690510675
3,7,"LL",0.000632397731642409
3,7,"NW",0.00143636434933322
3,10,"GM",0.00175062887333729
3,10,"LL",0.000297003595252176
3,10,"NW",0.000761677728428899
3,14,"GM",0.00142854252909989
3,14,"LL",0.000226697936045277
3,14,"NW",0.000471705427136686
1,7,"GM",0.000491365814063404
1,7,"LL",3.86659558145751e-05
1,7,"NW",0.000204650566822651
1,10,"GM",0.000450860908441671
1,10,"LL",3.54624079050541e-05
1,10,"NW",0.000190904718306605
1,14,"GM",0.000356855571882196
1,14,"LL",2.3587254776407e-05
1,14,"NW",0.000115963422514209
2,7,"GM",0.00125357740845675
2,7,"LL",0.000214004127956918
2,7,"NW",0.000775614430828672
2,10,"GM",0.00126714411099932
2,10,"LL",0.000137998805741863
2,10,"NW",0.000540028873861683
2,14,"GM",0.000928473036956421
2,14,"LL",8.90182774043844e-05
2,14,"NW",0.000302872535168177
3,7,"GM",0.00234585836341787
3,7,"LL",0.00062403188474323
3,7,"NW",0.00143805972201908
3,10,"GM",0.00187239691569218
3,10,"LL",0.000385854502310677
3,10,"NW",0.000834900897950388
3,14,"GM",0.00167329978519177
3,14,"LL",0.000251576259387868
3,14,"NW",0.000431059260730558
1,7,"GM",0.000478218060934011
1,7,"LL",3.9173723562809e-05
1,7,"NW",0.000221038505601
1,10,"GM",0.000413926096764492
1,10,"LL",3.24457558284248e-05
1,10,"NW",0.000192574698054453
1,14,"GM",0.000363562390736513
1,14,"LL",2.4055598672167e-05
1,14,"NW",0.000129464356127712
2,7,"GM",0.00130123453341863
2,7,"LL",0.000228419449964553
2,7,"NW",0.000656534862021491
2,10,"GM",0.00109967397362786
2,10,"LL",0.000134821876314953
2,10,"NW",0.000485818670971799
2,14,"GM",0.00103591504466517
2,14,"LL",9.26381862120568e-05
2,14,"NW",0.000335196770215012
3,7,"GM",0.00246083811212598
3,7,"LL",0.000486131728779703
3,7,"NW",0.0015738758281759
3,10,"GM",0.00192647522596275
3,10,"LL",0.000392268690044287
3,10,"NW",0.000954992549757881
3,14,"GM",0.00146326407514963
3,14,"LL",0.000217018809770607
3,14,"NW",0.000538536013507828
1,7,"GM",0.000504633788421494
1,7,"LL",3.78240868437697e-05
1,7,"NW",0.000221729483296088
1,10,"GM",0.000450085619861695
1,10,"LL",3.36653764176896e-05
1,10,"NW",0.000179639079406847
1,14,"GM",0.000351376125959577
1,14,"LL",2.38300232895099e-05
1,14,"NW",0.000128148843328135
2,7,"GM",0.00125309061548292
2,7,"LL",0.000200657100489379
2,7,"NW",0.000732935290211099
2,10,"GM",0.00114656754033309
2,10,"LL",0.000131867525045101
2,10,"NW",0.000500029306165036
2,14,"GM",0.000920160384634135
2,14,"LL",8.5118365672072e-05
2,14,"NW",0.00029630743742293
3,7,"GM",0.00221047540734158
3,7,"LL",0.000527610723853637
3,7,"NW",0.00116411240837725
3,10,"GM",0.00192079611663078
3,10,"LL",0.000340670678594794
3,10,"NW",0.000731157183787785
3,14,"GM",0.00157826731951665
3,14,"LL",0.000222899659098811
3,14,"NW",0.000431369205887674
